ISO-10303-21;
HEADER;
FILE_DESCRIPTION(('STEP AP242'),'1');
FILE_NAME('t-slot_plate_pt_25_-_partno_201_018_1000.stp','2026-07-28T18:51:44',('TraceParts'),('TraceParts S.A.S.'),'Spatial InterOp 3D',' ',' ');
FILE_SCHEMA(('AP242_MANAGED_MODEL_BASED_3D_ENGINEERING_MIM_LF  {1 0 10303 442 1 1 4}'));
ENDSEC;
DATA;
#1=PRODUCT_DEFINITION_CONTEXT('',#9,'design');
#2=APPLICATION_PROTOCOL_DEFINITION('INTERNATIONAL STANDARD','ap242_managed_model_based_3d_engineering',2014,#9);
#3=PRODUCT_CATEGORY_RELATIONSHIP('NONE','NONE',#10,#11);
#4=SHAPE_DEFINITION_REPRESENTATION(#12,#13);
#5= (GEOMETRIC_REPRESENTATION_CONTEXT(3)GLOBAL_UNCERTAINTY_ASSIGNED_CONTEXT((#16))GLOBAL_UNIT_ASSIGNED_CONTEXT((#18,#19,#20))REPRESENTATION_CONTEXT('NONE','WORKSPACE'));
#9=APPLICATION_CONTEXT('managed model based 3d engineering');
#10=PRODUCT_CATEGORY('part','NONE');
#11=PRODUCT_RELATED_PRODUCT_CATEGORY('detail',' ',(#22));
#12=PRODUCT_DEFINITION_SHAPE('NONE','NONE',#23);
#13=ADVANCED_BREP_SHAPE_REPRESENTATION('1',(#24,#25),#5);
#16=UNCERTAINTY_MEASURE_WITH_UNIT(LENGTH_MEASURE(1.0E-06),#18,'','');
#18= (CONVERSION_BASED_UNIT('MILLIMETRE',#28)LENGTH_UNIT()NAMED_UNIT(#31));
#19= (NAMED_UNIT(#33)PLANE_ANGLE_UNIT()SI_UNIT($,.RADIAN.));
#20= (NAMED_UNIT(#33)SOLID_ANGLE_UNIT()SI_UNIT($,.STERADIAN.));
#22=PRODUCT('1','','PART--DESC',(#39));
#23=PRODUCT_DEFINITION('','NONE',#40,#1);
#24=MANIFOLD_SOLID_BREP('1',#41);
#25=AXIS2_PLACEMENT_3D('',#42,#43,#44);
#28=LENGTH_MEASURE_WITH_UNIT(LENGTH_MEASURE(1.0),#45);
#31=DIMENSIONAL_EXPONENTS(1.0,0.0,0.0,0.0,0.0,0.0,0.0);
#33=DIMENSIONAL_EXPONENTS(0.0,0.0,0.0,0.0,0.0,0.0,0.0);
#39=PRODUCT_CONTEXT('',#9,'mechanical');
#40=PRODUCT_DEFINITION_FORMATION_WITH_SPECIFIED_SOURCE(' ','NONE',#22,.NOT_KNOWN.);
#41=CLOSED_SHELL('',(#46,#47,#48,#49,#50,#51,#52,#53,#54,#55,#56,#57,#58,#59,#60,#61,#62,#63,#64,#65,#66,#67,#68,#69,#70,#71,#72,#73,#74,#75,#76,#77,#78,#79,#80,#81,#82,#83,#84,#85,#86,#87,#88,#89,#90,#91,#92,#93,#94,#95,#96,#97,#98,#99,#100,#101,#102,#103,#104,#105,#106,#107,#108,#109,#110,#111,#112,#113,#114,#115,#116,#117,#118,#119,#120,#121,#122,#123,#124,#125,#126,#127,#128,#129,#130,#131,#132,#133,#134,#135,#136,#137,#138,#139,#140,#141,#142,#143,#144,#145,#146,#147,#148,#149,#150,#151,#152,#153,#154,#155,#156,#157,#158,#159,#160,#161,#162,#163,#164,#165,#166,#167,#168,#169,#170,#171,#172,#173,#174,#175));
#42=CARTESIAN_POINT('',(0.0,0.0,0.0));
#43=DIRECTION('',(0.0,0.0,1.0));
#44=DIRECTION('',(1.0,0.0,0.0));
#45= (NAMED_UNIT(#31)LENGTH_UNIT()SI_UNIT(.MILLI.,.METRE.));
#46=ADVANCED_FACE('',(#177),#178,.T.);
#47=ADVANCED_FACE('',(#179),#180,.T.);
#48=ADVANCED_FACE('',(#181),#182,.T.);
#49=ADVANCED_FACE('',(#183),#184,.T.);
#50=ADVANCED_FACE('',(#185),#186,.T.);
#51=ADVANCED_FACE('',(#187),#188,.T.);
#52=ADVANCED_FACE('',(#189),#190,.T.);
#53=ADVANCED_FACE('',(#191),#192,.T.);
#54=ADVANCED_FACE('',(#193),#194,.T.);
#55=ADVANCED_FACE('',(#195),#196,.T.);
#56=ADVANCED_FACE('',(#197),#198,.T.);
#57=ADVANCED_FACE('',(#199),#200,.T.);
#58=ADVANCED_FACE('',(#201),#202,.T.);
#59=ADVANCED_FACE('',(#203),#204,.T.);
#60=ADVANCED_FACE('',(#205),#206,.T.);
#61=ADVANCED_FACE('',(#207),#208,.T.);
#62=ADVANCED_FACE('',(#209),#210,.T.);
#63=ADVANCED_FACE('',(#211),#212,.T.);
#64=ADVANCED_FACE('',(#213),#214,.T.);
#65=ADVANCED_FACE('',(#215),#216,.T.);
#66=ADVANCED_FACE('',(#217),#218,.T.);
#67=ADVANCED_FACE('',(#219),#220,.T.);
#68=ADVANCED_FACE('',(#221),#222,.T.);
#69=ADVANCED_FACE('',(#223),#224,.T.);
#70=ADVANCED_FACE('',(#225),#226,.T.);
#71=ADVANCED_FACE('',(#227),#228,.T.);
#72=ADVANCED_FACE('',(#229),#230,.T.);
#73=ADVANCED_FACE('',(#231),#232,.T.);
#74=ADVANCED_FACE('',(#233),#234,.T.);
#75=ADVANCED_FACE('',(#235),#236,.T.);
#76=ADVANCED_FACE('',(#237),#238,.T.);
#77=ADVANCED_FACE('',(#239),#240,.T.);
#78=ADVANCED_FACE('',(#241),#242,.T.);
#79=ADVANCED_FACE('',(#243),#244,.T.);
#80=ADVANCED_FACE('',(#245),#246,.T.);
#81=ADVANCED_FACE('',(#247),#248,.T.);
#82=ADVANCED_FACE('',(#249),#250,.T.);
#83=ADVANCED_FACE('',(#251),#252,.T.);
#84=ADVANCED_FACE('',(#253),#254,.T.);
#85=ADVANCED_FACE('',(#255),#256,.T.);
#86=ADVANCED_FACE('',(#257),#258,.T.);
#87=ADVANCED_FACE('',(#259),#260,.T.);
#88=ADVANCED_FACE('',(#261),#262,.T.);
#89=ADVANCED_FACE('',(#263),#264,.T.);
#90=ADVANCED_FACE('',(#265),#266,.T.);
#91=ADVANCED_FACE('',(#267),#268,.T.);
#92=ADVANCED_FACE('',(#269),#270,.T.);
#93=ADVANCED_FACE('',(#271),#272,.T.);
#94=ADVANCED_FACE('',(#273),#274,.T.);
#95=ADVANCED_FACE('',(#275),#276,.T.);
#96=ADVANCED_FACE('',(#277),#278,.T.);
#97=ADVANCED_FACE('',(#279),#280,.T.);
#98=ADVANCED_FACE('',(#281),#282,.T.);
#99=ADVANCED_FACE('',(#283),#284,.T.);
#100=ADVANCED_FACE('',(#285),#286,.T.);
#101=ADVANCED_FACE('',(#287),#288,.T.);
#102=ADVANCED_FACE('',(#289),#290,.T.);
#103=ADVANCED_FACE('',(#291),#292,.T.);
#104=ADVANCED_FACE('',(#293),#294,.T.);
#105=ADVANCED_FACE('',(#295),#296,.T.);
#106=ADVANCED_FACE('',(#297),#298,.T.);
#107=ADVANCED_FACE('',(#299),#300,.T.);
#108=ADVANCED_FACE('',(#301),#302,.T.);
#109=ADVANCED_FACE('',(#303),#304,.T.);
#110=ADVANCED_FACE('',(#305),#306,.T.);
#111=ADVANCED_FACE('',(#307),#308,.T.);
#112=ADVANCED_FACE('',(#309),#310,.T.);
#113=ADVANCED_FACE('',(#311),#312,.T.);
#114=ADVANCED_FACE('',(#313),#314,.T.);
#115=ADVANCED_FACE('',(#315),#316,.T.);
#116=ADVANCED_FACE('',(#317),#318,.T.);
#117=ADVANCED_FACE('',(#319),#320,.T.);
#118=ADVANCED_FACE('',(#321),#322,.T.);
#119=ADVANCED_FACE('',(#323),#324,.T.);
#120=ADVANCED_FACE('',(#325),#326,.T.);
#121=ADVANCED_FACE('',(#327),#328,.T.);
#122=ADVANCED_FACE('',(#329),#330,.T.);
#123=ADVANCED_FACE('',(#331),#332,.T.);
#124=ADVANCED_FACE('',(#333),#334,.T.);
#125=ADVANCED_FACE('',(#335),#336,.T.);
#126=ADVANCED_FACE('',(#337),#338,.T.);
#127=ADVANCED_FACE('',(#339),#340,.T.);
#128=ADVANCED_FACE('',(#341),#342,.T.);
#129=ADVANCED_FACE('',(#343),#344,.T.);
#130=ADVANCED_FACE('',(#345),#346,.T.);
#131=ADVANCED_FACE('',(#347),#348,.T.);
#132=ADVANCED_FACE('',(#349),#350,.T.);
#133=ADVANCED_FACE('',(#351),#352,.T.);
#134=ADVANCED_FACE('',(#353),#354,.T.);
#135=ADVANCED_FACE('',(#355),#356,.T.);
#136=ADVANCED_FACE('',(#357),#358,.T.);
#137=ADVANCED_FACE('',(#359),#360,.T.);
#138=ADVANCED_FACE('',(#361),#362,.T.);
#139=ADVANCED_FACE('',(#363),#364,.T.);
#140=ADVANCED_FACE('',(#365),#366,.T.);
#141=ADVANCED_FACE('',(#367),#368,.T.);
#142=ADVANCED_FACE('',(#369),#370,.T.);
#143=ADVANCED_FACE('',(#371),#372,.T.);
#144=ADVANCED_FACE('',(#373),#374,.T.);
#145=ADVANCED_FACE('',(#375),#376,.T.);
#146=ADVANCED_FACE('',(#377),#378,.T.);
#147=ADVANCED_FACE('',(#379),#380,.T.);
#148=ADVANCED_FACE('',(#381),#382,.T.);
#149=ADVANCED_FACE('',(#383),#384,.T.);
#150=ADVANCED_FACE('',(#385),#386,.T.);
#151=ADVANCED_FACE('',(#387),#388,.T.);
#152=ADVANCED_FACE('',(#389),#390,.T.);
#153=ADVANCED_FACE('',(#391),#392,.T.);
#154=ADVANCED_FACE('',(#393),#394,.T.);
#155=ADVANCED_FACE('',(#395),#396,.T.);
#156=ADVANCED_FACE('',(#397),#398,.T.);
#157=ADVANCED_FACE('',(#399),#400,.T.);
#158=ADVANCED_FACE('',(#401),#402,.T.);
#159=ADVANCED_FACE('',(#403),#404,.T.);
#160=ADVANCED_FACE('',(#405),#406,.T.);
#161=ADVANCED_FACE('',(#407),#408,.T.);
#162=ADVANCED_FACE('',(#409),#410,.T.);
#163=ADVANCED_FACE('',(#411),#412,.T.);
#164=ADVANCED_FACE('',(#413),#414,.T.);
#165=ADVANCED_FACE('',(#415),#416,.T.);
#166=ADVANCED_FACE('',(#417),#418,.T.);
#167=ADVANCED_FACE('',(#419),#420,.T.);
#168=ADVANCED_FACE('',(#421),#422,.T.);
#169=ADVANCED_FACE('',(#423),#424,.T.);
#170=ADVANCED_FACE('',(#425),#426,.T.);
#171=ADVANCED_FACE('',(#427),#428,.T.);
#172=ADVANCED_FACE('',(#429),#430,.T.);
#173=ADVANCED_FACE('',(#431),#432,.T.);
#174=ADVANCED_FACE('',(#433),#434,.T.);
#175=ADVANCED_FACE('',(#435),#436,.F.);
#177=FACE_OUTER_BOUND('',#437,.T.);
#178=PLANE('',#438);
#179=FACE_OUTER_BOUND('',#439,.T.);
#180=PLANE('',#440);
#181=FACE_OUTER_BOUND('',#441,.T.);
#182=PLANE('',#442);
#183=FACE_OUTER_BOUND('',#443,.T.);
#184=PLANE('',#444);
#185=FACE_OUTER_BOUND('',#445,.T.);
#186=PLANE('',#446);
#187=FACE_OUTER_BOUND('',#447,.T.);
#188=PLANE('',#448);
#189=FACE_OUTER_BOUND('',#449,.T.);
#190=PLANE('',#450);
#191=FACE_OUTER_BOUND('',#451,.T.);
#192=PLANE('',#452);
#193=FACE_OUTER_BOUND('',#453,.T.);
#194=PLANE('',#454);
#195=FACE_OUTER_BOUND('',#455,.T.);
#196=PLANE('',#456);
#197=FACE_OUTER_BOUND('',#457,.T.);
#198=PLANE('',#458);
#199=FACE_OUTER_BOUND('',#459,.T.);
#200=PLANE('',#460);
#201=FACE_OUTER_BOUND('',#461,.T.);
#202=PLANE('',#462);
#203=FACE_OUTER_BOUND('',#463,.T.);
#204=PLANE('',#464);
#205=FACE_OUTER_BOUND('',#465,.T.);
#206=PLANE('',#466);
#207=FACE_OUTER_BOUND('',#467,.T.);
#208=PLANE('',#468);
#209=FACE_OUTER_BOUND('',#469,.T.);
#210=PLANE('',#470);
#211=FACE_OUTER_BOUND('',#471,.T.);
#212=PLANE('',#472);
#213=FACE_OUTER_BOUND('',#473,.T.);
#214=PLANE('',#474);
#215=FACE_OUTER_BOUND('',#475,.T.);
#216=PLANE('',#476);
#217=FACE_OUTER_BOUND('',#477,.T.);
#218=PLANE('',#478);
#219=FACE_OUTER_BOUND('',#479,.T.);
#220=PLANE('',#480);
#221=FACE_OUTER_BOUND('',#481,.T.);
#222=PLANE('',#482);
#223=FACE_OUTER_BOUND('',#483,.T.);
#224=PLANE('',#484);
#225=FACE_OUTER_BOUND('',#485,.T.);
#226=PLANE('',#486);
#227=FACE_OUTER_BOUND('',#487,.T.);
#228=PLANE('',#488);
#229=FACE_OUTER_BOUND('',#489,.T.);
#230=PLANE('',#490);
#231=FACE_OUTER_BOUND('',#491,.T.);
#232=PLANE('',#492);
#233=FACE_OUTER_BOUND('',#493,.T.);
#234=PLANE('',#494);
#235=FACE_OUTER_BOUND('',#495,.T.);
#236=PLANE('',#496);
#237=FACE_OUTER_BOUND('',#497,.T.);
#238=PLANE('',#498);
#239=FACE_OUTER_BOUND('',#499,.T.);
#240=PLANE('',#500);
#241=FACE_OUTER_BOUND('',#501,.T.);
#242=PLANE('',#502);
#243=FACE_OUTER_BOUND('',#503,.T.);
#244=PLANE('',#504);
#245=FACE_OUTER_BOUND('',#505,.T.);
#246=PLANE('',#506);
#247=FACE_OUTER_BOUND('',#507,.T.);
#248=PLANE('',#508);
#249=FACE_OUTER_BOUND('',#509,.T.);
#250=PLANE('',#510);
#251=FACE_OUTER_BOUND('',#511,.T.);
#252=PLANE('',#512);
#253=FACE_OUTER_BOUND('',#513,.T.);
#254=PLANE('',#514);
#255=FACE_OUTER_BOUND('',#515,.T.);
#256=PLANE('',#516);
#257=FACE_OUTER_BOUND('',#517,.T.);
#258=PLANE('',#518);
#259=FACE_OUTER_BOUND('',#519,.T.);
#260=PLANE('',#520);
#261=FACE_OUTER_BOUND('',#521,.T.);
#262=PLANE('',#522);
#263=FACE_OUTER_BOUND('',#523,.T.);
#264=PLANE('',#524);
#265=FACE_OUTER_BOUND('',#525,.T.);
#266=PLANE('',#526);
#267=FACE_OUTER_BOUND('',#527,.T.);
#268=PLANE('',#528);
#269=FACE_OUTER_BOUND('',#529,.T.);
#270=PLANE('',#530);
#271=FACE_OUTER_BOUND('',#531,.T.);
#272=PLANE('',#532);
#273=FACE_OUTER_BOUND('',#533,.T.);
#274=PLANE('',#534);
#275=FACE_OUTER_BOUND('',#535,.T.);
#276=PLANE('',#536);
#277=FACE_OUTER_BOUND('',#537,.T.);
#278=PLANE('',#538);
#279=FACE_OUTER_BOUND('',#539,.T.);
#280=PLANE('',#540);
#281=FACE_OUTER_BOUND('',#541,.T.);
#282=PLANE('',#542);
#283=FACE_OUTER_BOUND('',#543,.T.);
#284=PLANE('',#544);
#285=FACE_OUTER_BOUND('',#545,.T.);
#286=PLANE('',#546);
#287=FACE_OUTER_BOUND('',#547,.T.);
#288=PLANE('',#548);
#289=FACE_OUTER_BOUND('',#549,.T.);
#290=PLANE('',#550);
#291=FACE_OUTER_BOUND('',#551,.T.);
#292=PLANE('',#552);
#293=FACE_OUTER_BOUND('',#553,.T.);
#294=PLANE('',#554);
#295=FACE_OUTER_BOUND('',#555,.T.);
#296=PLANE('',#556);
#297=FACE_OUTER_BOUND('',#557,.T.);
#298=PLANE('',#558);
#299=FACE_OUTER_BOUND('',#559,.T.);
#300=PLANE('',#560);
#301=FACE_OUTER_BOUND('',#561,.T.);
#302=PLANE('',#562);
#303=FACE_OUTER_BOUND('',#563,.T.);
#304=PLANE('',#564);
#305=FACE_OUTER_BOUND('',#565,.T.);
#306=PLANE('',#566);
#307=FACE_OUTER_BOUND('',#567,.T.);
#308=PLANE('',#568);
#309=FACE_OUTER_BOUND('',#569,.T.);
#310=PLANE('',#570);
#311=FACE_OUTER_BOUND('',#571,.T.);
#312=PLANE('',#572);
#313=FACE_OUTER_BOUND('',#573,.T.);
#314=PLANE('',#574);
#315=FACE_OUTER_BOUND('',#575,.T.);
#316=PLANE('',#576);
#317=FACE_OUTER_BOUND('',#577,.T.);
#318=PLANE('',#578);
#319=FACE_OUTER_BOUND('',#579,.T.);
#320=PLANE('',#580);
#321=FACE_OUTER_BOUND('',#581,.T.);
#322=PLANE('',#582);
#323=FACE_OUTER_BOUND('',#583,.T.);
#324=PLANE('',#584);
#325=FACE_OUTER_BOUND('',#585,.T.);
#326=PLANE('',#586);
#327=FACE_OUTER_BOUND('',#587,.T.);
#328=PLANE('',#588);
#329=FACE_OUTER_BOUND('',#589,.T.);
#330=PLANE('',#590);
#331=FACE_OUTER_BOUND('',#591,.T.);
#332=PLANE('',#592);
#333=FACE_OUTER_BOUND('',#593,.T.);
#334=PLANE('',#594);
#335=FACE_OUTER_BOUND('',#595,.T.);
#336=PLANE('',#596);
#337=FACE_OUTER_BOUND('',#597,.T.);
#338=PLANE('',#598);
#339=FACE_OUTER_BOUND('',#599,.T.);
#340=PLANE('',#600);
#341=FACE_OUTER_BOUND('',#601,.T.);
#342=PLANE('',#602);
#343=FACE_OUTER_BOUND('',#603,.T.);
#344=PLANE('',#604);
#345=FACE_OUTER_BOUND('',#605,.T.);
#346=PLANE('',#606);
#347=FACE_OUTER_BOUND('',#607,.T.);
#348=PLANE('',#608);
#349=FACE_OUTER_BOUND('',#609,.T.);
#350=PLANE('',#610);
#351=FACE_OUTER_BOUND('',#611,.T.);
#352=PLANE('',#612);
#353=FACE_OUTER_BOUND('',#613,.T.);
#354=PLANE('',#614);
#355=FACE_OUTER_BOUND('',#615,.T.);
#356=PLANE('',#616);
#357=FACE_OUTER_BOUND('',#617,.T.);
#358=PLANE('',#618);
#359=FACE_OUTER_BOUND('',#619,.T.);
#360=PLANE('',#620);
#361=FACE_OUTER_BOUND('',#621,.T.);
#362=PLANE('',#622);
#363=FACE_OUTER_BOUND('',#623,.T.);
#364=PLANE('',#624);
#365=FACE_OUTER_BOUND('',#625,.T.);
#366=PLANE('',#626);
#367=FACE_OUTER_BOUND('',#627,.T.);
#368=PLANE('',#628);
#369=FACE_OUTER_BOUND('',#629,.T.);
#370=PLANE('',#630);
#371=FACE_OUTER_BOUND('',#631,.T.);
#372=PLANE('',#632);
#373=FACE_OUTER_BOUND('',#633,.T.);
#374=PLANE('',#634);
#375=FACE_OUTER_BOUND('',#635,.T.);
#376=PLANE('',#636);
#377=FACE_OUTER_BOUND('',#637,.T.);
#378=PLANE('',#638);
#379=FACE_OUTER_BOUND('',#639,.T.);
#380=PLANE('',#640);
#381=FACE_OUTER_BOUND('',#641,.T.);
#382=PLANE('',#642);
#383=FACE_OUTER_BOUND('',#643,.T.);
#384=PLANE('',#644);
#385=FACE_OUTER_BOUND('',#645,.T.);
#386=PLANE('',#646);
#387=FACE_OUTER_BOUND('',#647,.T.);
#388=PLANE('',#648);
#389=FACE_OUTER_BOUND('',#649,.T.);
#390=PLANE('',#650);
#391=FACE_OUTER_BOUND('',#651,.T.);
#392=PLANE('',#652);
#393=FACE_OUTER_BOUND('',#653,.T.);
#394=PLANE('',#654);
#395=FACE_OUTER_BOUND('',#655,.T.);
#396=PLANE('',#656);
#397=FACE_OUTER_BOUND('',#657,.T.);
#398=PLANE('',#658);
#399=FACE_OUTER_BOUND('',#659,.T.);
#400=PLANE('',#660);
#401=FACE_OUTER_BOUND('',#661,.T.);
#402=PLANE('',#662);
#403=FACE_OUTER_BOUND('',#663,.T.);
#404=PLANE('',#664);
#405=FACE_OUTER_BOUND('',#665,.T.);
#406=PLANE('',#666);
#407=FACE_OUTER_BOUND('',#667,.T.);
#408=PLANE('',#668);
#409=FACE_OUTER_BOUND('',#669,.T.);
#410=PLANE('',#670);
#411=FACE_OUTER_BOUND('',#671,.T.);
#412=PLANE('',#672);
#413=FACE_OUTER_BOUND('',#673,.T.);
#414=PLANE('',#674);
#415=FACE_OUTER_BOUND('',#675,.T.);
#416=PLANE('',#676);
#417=FACE_OUTER_BOUND('',#677,.T.);
#418=PLANE('',#678);
#419=FACE_OUTER_BOUND('',#679,.T.);
#420=PLANE('',#680);
#421=FACE_OUTER_BOUND('',#681,.T.);
#422=PLANE('',#682);
#423=FACE_OUTER_BOUND('',#683,.T.);
#424=PLANE('',#684);
#425=FACE_OUTER_BOUND('',#685,.T.);
#426=PLANE('',#686);
#427=FACE_OUTER_BOUND('',#687,.T.);
#428=PLANE('',#688);
#429=FACE_OUTER_BOUND('',#689,.T.);
#430=PLANE('',#690);
#431=FACE_OUTER_BOUND('',#691,.T.);
#432=PLANE('',#692);
#433=FACE_OUTER_BOUND('',#693,.T.);
#434=PLANE('',#694);
#435=FACE_OUTER_BOUND('',#695,.T.);
#436=PLANE('',#696);
#437=EDGE_LOOP('',(#697,#698,#699,#700));
#438=AXIS2_PLACEMENT_3D('',#701,#702,#703);
#439=EDGE_LOOP('',(#704,#705,#706,#707));
#440=AXIS2_PLACEMENT_3D('',#708,#709,#710);
#441=EDGE_LOOP('',(#711,#712,#713,#714));
#442=AXIS2_PLACEMENT_3D('',#715,#716,#717);
#443=EDGE_LOOP('',(#718,#719,#720,#721));
#444=AXIS2_PLACEMENT_3D('',#722,#723,#724);
#445=EDGE_LOOP('',(#725,#726,#727,#728));
#446=AXIS2_PLACEMENT_3D('',#729,#730,#731);
#447=EDGE_LOOP('',(#732,#733,#734,#735));
#448=AXIS2_PLACEMENT_3D('',#736,#737,#738);
#449=EDGE_LOOP('',(#739,#740,#741,#742));
#450=AXIS2_PLACEMENT_3D('',#743,#744,#745);
#451=EDGE_LOOP('',(#746,#747,#748,#749));
#452=AXIS2_PLACEMENT_3D('',#750,#751,#752);
#453=EDGE_LOOP('',(#753,#754,#755,#756));
#454=AXIS2_PLACEMENT_3D('',#757,#758,#759);
#455=EDGE_LOOP('',(#760,#761,#762,#763));
#456=AXIS2_PLACEMENT_3D('',#764,#765,#766);
#457=EDGE_LOOP('',(#767,#768,#769,#770));
#458=AXIS2_PLACEMENT_3D('',#771,#772,#773);
#459=EDGE_LOOP('',(#774,#775,#776,#777));
#460=AXIS2_PLACEMENT_3D('',#778,#779,#780);
#461=EDGE_LOOP('',(#781,#782,#783,#784));
#462=AXIS2_PLACEMENT_3D('',#785,#786,#787);
#463=EDGE_LOOP('',(#788,#789,#790,#791));
#464=AXIS2_PLACEMENT_3D('',#792,#793,#794);
#465=EDGE_LOOP('',(#795,#796,#797,#798));
#466=AXIS2_PLACEMENT_3D('',#799,#800,#801);
#467=EDGE_LOOP('',(#802,#803,#804,#805));
#468=AXIS2_PLACEMENT_3D('',#806,#807,#808);
#469=EDGE_LOOP('',(#809,#810,#811,#812));
#470=AXIS2_PLACEMENT_3D('',#813,#814,#815);
#471=EDGE_LOOP('',(#816,#817,#818,#819));
#472=AXIS2_PLACEMENT_3D('',#820,#821,#822);
#473=EDGE_LOOP('',(#823,#824,#825,#826));
#474=AXIS2_PLACEMENT_3D('',#827,#828,#829);
#475=EDGE_LOOP('',(#830,#831,#832,#833));
#476=AXIS2_PLACEMENT_3D('',#834,#835,#836);
#477=EDGE_LOOP('',(#837,#838,#839,#840));
#478=AXIS2_PLACEMENT_3D('',#841,#842,#843);
#479=EDGE_LOOP('',(#844,#845,#846,#847));
#480=AXIS2_PLACEMENT_3D('',#848,#849,#850);
#481=EDGE_LOOP('',(#851,#852,#853,#854));
#482=AXIS2_PLACEMENT_3D('',#855,#856,#857);
#483=EDGE_LOOP('',(#858,#859,#860,#861));
#484=AXIS2_PLACEMENT_3D('',#862,#863,#864);
#485=EDGE_LOOP('',(#865,#866,#867,#868));
#486=AXIS2_PLACEMENT_3D('',#869,#870,#871);
#487=EDGE_LOOP('',(#872,#873,#874,#875));
#488=AXIS2_PLACEMENT_3D('',#876,#877,#878);
#489=EDGE_LOOP('',(#879,#880,#881,#882));
#490=AXIS2_PLACEMENT_3D('',#883,#884,#885);
#491=EDGE_LOOP('',(#886,#887,#888,#889));
#492=AXIS2_PLACEMENT_3D('',#890,#891,#892);
#493=EDGE_LOOP('',(#893,#894,#895,#896));
#494=AXIS2_PLACEMENT_3D('',#897,#898,#899);
#495=EDGE_LOOP('',(#900,#901,#902,#903));
#496=AXIS2_PLACEMENT_3D('',#904,#905,#906);
#497=EDGE_LOOP('',(#907,#908,#909,#910));
#498=AXIS2_PLACEMENT_3D('',#911,#912,#913);
#499=EDGE_LOOP('',(#914,#915,#916,#917));
#500=AXIS2_PLACEMENT_3D('',#918,#919,#920);
#501=EDGE_LOOP('',(#921,#922,#923,#924));
#502=AXIS2_PLACEMENT_3D('',#925,#926,#927);
#503=EDGE_LOOP('',(#928,#929,#930,#931));
#504=AXIS2_PLACEMENT_3D('',#932,#933,#934);
#505=EDGE_LOOP('',(#935,#936,#937,#938));
#506=AXIS2_PLACEMENT_3D('',#939,#940,#941);
#507=EDGE_LOOP('',(#942,#943,#944,#945));
#508=AXIS2_PLACEMENT_3D('',#946,#947,#948);
#509=EDGE_LOOP('',(#949,#950,#951,#952));
#510=AXIS2_PLACEMENT_3D('',#953,#954,#955);
#511=EDGE_LOOP('',(#956,#957,#958,#959));
#512=AXIS2_PLACEMENT_3D('',#960,#961,#962);
#513=EDGE_LOOP('',(#963,#964,#965,#966));
#514=AXIS2_PLACEMENT_3D('',#967,#968,#969);
#515=EDGE_LOOP('',(#970,#971,#972,#973));
#516=AXIS2_PLACEMENT_3D('',#974,#975,#976);
#517=EDGE_LOOP('',(#977,#978,#979,#980));
#518=AXIS2_PLACEMENT_3D('',#981,#982,#983);
#519=EDGE_LOOP('',(#984,#985,#986,#987));
#520=AXIS2_PLACEMENT_3D('',#988,#989,#990);
#521=EDGE_LOOP('',(#991,#992,#993,#994));
#522=AXIS2_PLACEMENT_3D('',#995,#996,#997);
#523=EDGE_LOOP('',(#998,#999,#1000,#1001));
#524=AXIS2_PLACEMENT_3D('',#1002,#1003,#1004);
#525=EDGE_LOOP('',(#1005,#1006,#1007,#1008));
#526=AXIS2_PLACEMENT_3D('',#1009,#1010,#1011);
#527=EDGE_LOOP('',(#1012,#1013,#1014,#1015));
#528=AXIS2_PLACEMENT_3D('',#1016,#1017,#1018);
#529=EDGE_LOOP('',(#1019,#1020,#1021,#1022));
#530=AXIS2_PLACEMENT_3D('',#1023,#1024,#1025);
#531=EDGE_LOOP('',(#1026,#1027,#1028,#1029));
#532=AXIS2_PLACEMENT_3D('',#1030,#1031,#1032);
#533=EDGE_LOOP('',(#1033,#1034,#1035,#1036));
#534=AXIS2_PLACEMENT_3D('',#1037,#1038,#1039);
#535=EDGE_LOOP('',(#1040,#1041,#1042,#1043));
#536=AXIS2_PLACEMENT_3D('',#1044,#1045,#1046);
#537=EDGE_LOOP('',(#1047,#1048,#1049,#1050));
#538=AXIS2_PLACEMENT_3D('',#1051,#1052,#1053);
#539=EDGE_LOOP('',(#1054,#1055,#1056,#1057));
#540=AXIS2_PLACEMENT_3D('',#1058,#1059,#1060);
#541=EDGE_LOOP('',(#1061,#1062,#1063,#1064));
#542=AXIS2_PLACEMENT_3D('',#1065,#1066,#1067);
#543=EDGE_LOOP('',(#1068,#1069,#1070,#1071));
#544=AXIS2_PLACEMENT_3D('',#1072,#1073,#1074);
#545=EDGE_LOOP('',(#1075,#1076,#1077,#1078));
#546=AXIS2_PLACEMENT_3D('',#1079,#1080,#1081);
#547=EDGE_LOOP('',(#1082,#1083,#1084,#1085));
#548=AXIS2_PLACEMENT_3D('',#1086,#1087,#1088);
#549=EDGE_LOOP('',(#1089,#1090,#1091,#1092));
#550=AXIS2_PLACEMENT_3D('',#1093,#1094,#1095);
#551=EDGE_LOOP('',(#1096,#1097,#1098,#1099));
#552=AXIS2_PLACEMENT_3D('',#1100,#1101,#1102);
#553=EDGE_LOOP('',(#1103,#1104,#1105,#1106));
#554=AXIS2_PLACEMENT_3D('',#1107,#1108,#1109);
#555=EDGE_LOOP('',(#1110,#1111,#1112,#1113));
#556=AXIS2_PLACEMENT_3D('',#1114,#1115,#1116);
#557=EDGE_LOOP('',(#1117,#1118,#1119,#1120));
#558=AXIS2_PLACEMENT_3D('',#1121,#1122,#1123);
#559=EDGE_LOOP('',(#1124,#1125,#1126,#1127));
#560=AXIS2_PLACEMENT_3D('',#1128,#1129,#1130);
#561=EDGE_LOOP('',(#1131,#1132,#1133,#1134));
#562=AXIS2_PLACEMENT_3D('',#1135,#1136,#1137);
#563=EDGE_LOOP('',(#1138,#1139,#1140,#1141));
#564=AXIS2_PLACEMENT_3D('',#1142,#1143,#1144);
#565=EDGE_LOOP('',(#1145,#1146,#1147,#1148));
#566=AXIS2_PLACEMENT_3D('',#1149,#1150,#1151);
#567=EDGE_LOOP('',(#1152,#1153,#1154,#1155));
#568=AXIS2_PLACEMENT_3D('',#1156,#1157,#1158);
#569=EDGE_LOOP('',(#1159,#1160,#1161,#1162));
#570=AXIS2_PLACEMENT_3D('',#1163,#1164,#1165);
#571=EDGE_LOOP('',(#1166,#1167,#1168,#1169));
#572=AXIS2_PLACEMENT_3D('',#1170,#1171,#1172);
#573=EDGE_LOOP('',(#1173,#1174,#1175,#1176));
#574=AXIS2_PLACEMENT_3D('',#1177,#1178,#1179);
#575=EDGE_LOOP('',(#1180,#1181,#1182,#1183));
#576=AXIS2_PLACEMENT_3D('',#1184,#1185,#1186);
#577=EDGE_LOOP('',(#1187,#1188,#1189,#1190));
#578=AXIS2_PLACEMENT_3D('',#1191,#1192,#1193);
#579=EDGE_LOOP('',(#1194,#1195,#1196,#1197));
#580=AXIS2_PLACEMENT_3D('',#1198,#1199,#1200);
#581=EDGE_LOOP('',(#1201,#1202,#1203,#1204));
#582=AXIS2_PLACEMENT_3D('',#1205,#1206,#1207);
#583=EDGE_LOOP('',(#1208,#1209,#1210,#1211));
#584=AXIS2_PLACEMENT_3D('',#1212,#1213,#1214);
#585=EDGE_LOOP('',(#1215,#1216,#1217,#1218));
#586=AXIS2_PLACEMENT_3D('',#1219,#1220,#1221);
#587=EDGE_LOOP('',(#1222,#1223,#1224,#1225));
#588=AXIS2_PLACEMENT_3D('',#1226,#1227,#1228);
#589=EDGE_LOOP('',(#1229,#1230,#1231,#1232));
#590=AXIS2_PLACEMENT_3D('',#1233,#1234,#1235);
#591=EDGE_LOOP('',(#1236,#1237,#1238,#1239));
#592=AXIS2_PLACEMENT_3D('',#1240,#1241,#1242);
#593=EDGE_LOOP('',(#1243,#1244,#1245,#1246));
#594=AXIS2_PLACEMENT_3D('',#1247,#1248,#1249);
#595=EDGE_LOOP('',(#1250,#1251,#1252,#1253));
#596=AXIS2_PLACEMENT_3D('',#1254,#1255,#1256);
#597=EDGE_LOOP('',(#1257,#1258,#1259,#1260));
#598=AXIS2_PLACEMENT_3D('',#1261,#1262,#1263);
#599=EDGE_LOOP('',(#1264,#1265,#1266,#1267));
#600=AXIS2_PLACEMENT_3D('',#1268,#1269,#1270);
#601=EDGE_LOOP('',(#1271,#1272,#1273,#1274));
#602=AXIS2_PLACEMENT_3D('',#1275,#1276,#1277);
#603=EDGE_LOOP('',(#1278,#1279,#1280,#1281));
#604=AXIS2_PLACEMENT_3D('',#1282,#1283,#1284);
#605=EDGE_LOOP('',(#1285,#1286,#1287,#1288));
#606=AXIS2_PLACEMENT_3D('',#1289,#1290,#1291);
#607=EDGE_LOOP('',(#1292,#1293,#1294,#1295));
#608=AXIS2_PLACEMENT_3D('',#1296,#1297,#1298);
#609=EDGE_LOOP('',(#1299,#1300,#1301,#1302));
#610=AXIS2_PLACEMENT_3D('',#1303,#1304,#1305);
#611=EDGE_LOOP('',(#1306,#1307,#1308,#1309));
#612=AXIS2_PLACEMENT_3D('',#1310,#1311,#1312);
#613=EDGE_LOOP('',(#1313,#1314,#1315,#1316));
#614=AXIS2_PLACEMENT_3D('',#1317,#1318,#1319);
#615=EDGE_LOOP('',(#1320,#1321,#1322,#1323));
#616=AXIS2_PLACEMENT_3D('',#1324,#1325,#1326);
#617=EDGE_LOOP('',(#1327,#1328,#1329,#1330));
#618=AXIS2_PLACEMENT_3D('',#1331,#1332,#1333);
#619=EDGE_LOOP('',(#1334,#1335,#1336,#1337));
#620=AXIS2_PLACEMENT_3D('',#1338,#1339,#1340);
#621=EDGE_LOOP('',(#1341,#1342,#1343,#1344));
#622=AXIS2_PLACEMENT_3D('',#1345,#1346,#1347);
#623=EDGE_LOOP('',(#1348,#1349,#1350,#1351));
#624=AXIS2_PLACEMENT_3D('',#1352,#1353,#1354);
#625=EDGE_LOOP('',(#1355,#1356,#1357,#1358));
#626=AXIS2_PLACEMENT_3D('',#1359,#1360,#1361);
#627=EDGE_LOOP('',(#1362,#1363,#1364,#1365));
#628=AXIS2_PLACEMENT_3D('',#1366,#1367,#1368);
#629=EDGE_LOOP('',(#1369,#1370,#1371,#1372));
#630=AXIS2_PLACEMENT_3D('',#1373,#1374,#1375);
#631=EDGE_LOOP('',(#1376,#1377,#1378,#1379));
#632=AXIS2_PLACEMENT_3D('',#1380,#1381,#1382);
#633=EDGE_LOOP('',(#1383,#1384,#1385,#1386));
#634=AXIS2_PLACEMENT_3D('',#1387,#1388,#1389);
#635=EDGE_LOOP('',(#1390,#1391,#1392,#1393));
#636=AXIS2_PLACEMENT_3D('',#1394,#1395,#1396);
#637=EDGE_LOOP('',(#1397,#1398,#1399,#1400));
#638=AXIS2_PLACEMENT_3D('',#1401,#1402,#1403);
#639=EDGE_LOOP('',(#1404,#1405,#1406,#1407));
#640=AXIS2_PLACEMENT_3D('',#1408,#1409,#1410);
#641=EDGE_LOOP('',(#1411,#1412,#1413,#1414));
#642=AXIS2_PLACEMENT_3D('',#1415,#1416,#1417);
#643=EDGE_LOOP('',(#1418,#1419,#1420,#1421));
#644=AXIS2_PLACEMENT_3D('',#1422,#1423,#1424);
#645=EDGE_LOOP('',(#1425,#1426,#1427,#1428));
#646=AXIS2_PLACEMENT_3D('',#1429,#1430,#1431);
#647=EDGE_LOOP('',(#1432,#1433,#1434,#1435));
#648=AXIS2_PLACEMENT_3D('',#1436,#1437,#1438);
#649=EDGE_LOOP('',(#1439,#1440,#1441,#1442));
#650=AXIS2_PLACEMENT_3D('',#1443,#1444,#1445);
#651=EDGE_LOOP('',(#1446,#1447,#1448,#1449));
#652=AXIS2_PLACEMENT_3D('',#1450,#1451,#1452);
#653=EDGE_LOOP('',(#1453,#1454,#1455,#1456));
#654=AXIS2_PLACEMENT_3D('',#1457,#1458,#1459);
#655=EDGE_LOOP('',(#1460,#1461,#1462,#1463));
#656=AXIS2_PLACEMENT_3D('',#1464,#1465,#1466);
#657=EDGE_LOOP('',(#1467,#1468,#1469,#1470));
#658=AXIS2_PLACEMENT_3D('',#1471,#1472,#1473);
#659=EDGE_LOOP('',(#1474,#1475,#1476,#1477));
#660=AXIS2_PLACEMENT_3D('',#1478,#1479,#1480);
#661=EDGE_LOOP('',(#1481,#1482,#1483,#1484));
#662=AXIS2_PLACEMENT_3D('',#1485,#1486,#1487);
#663=EDGE_LOOP('',(#1488,#1489,#1490,#1491));
#664=AXIS2_PLACEMENT_3D('',#1492,#1493,#1494);
#665=EDGE_LOOP('',(#1495,#1496,#1497,#1498));
#666=AXIS2_PLACEMENT_3D('',#1499,#1500,#1501);
#667=EDGE_LOOP('',(#1502,#1503,#1504,#1505));
#668=AXIS2_PLACEMENT_3D('',#1506,#1507,#1508);
#669=EDGE_LOOP('',(#1509,#1510,#1511,#1512));
#670=AXIS2_PLACEMENT_3D('',#1513,#1514,#1515);
#671=EDGE_LOOP('',(#1516,#1517,#1518,#1519));
#672=AXIS2_PLACEMENT_3D('',#1520,#1521,#1522);
#673=EDGE_LOOP('',(#1523,#1524,#1525,#1526));
#674=AXIS2_PLACEMENT_3D('',#1527,#1528,#1529);
#675=EDGE_LOOP('',(#1530,#1531,#1532,#1533));
#676=AXIS2_PLACEMENT_3D('',#1534,#1535,#1536);
#677=EDGE_LOOP('',(#1537,#1538,#1539,#1540));
#678=AXIS2_PLACEMENT_3D('',#1541,#1542,#1543);
#679=EDGE_LOOP('',(#1544,#1545,#1546,#1547));
#680=AXIS2_PLACEMENT_3D('',#1548,#1549,#1550);
#681=EDGE_LOOP('',(#1551,#1552,#1553,#1554));
#682=AXIS2_PLACEMENT_3D('',#1555,#1556,#1557);
#683=EDGE_LOOP('',(#1558,#1559,#1560,#1561));
#684=AXIS2_PLACEMENT_3D('',#1562,#1563,#1564);
#685=EDGE_LOOP('',(#1565,#1566,#1567,#1568));
#686=AXIS2_PLACEMENT_3D('',#1569,#1570,#1571);
#687=EDGE_LOOP('',(#1572,#1573,#1574,#1575));
#688=AXIS2_PLACEMENT_3D('',#1576,#1577,#1578);
#689=EDGE_LOOP('',(#1579,#1580,#1581,#1582));
#690=AXIS2_PLACEMENT_3D('',#1583,#1584,#1585);
#691=EDGE_LOOP('',(#1586,#1587,#1588,#1589));
#692=AXIS2_PLACEMENT_3D('',#1590,#1591,#1592);
#693=EDGE_LOOP('',(#1593,#1594,#1595,#1596,#1597,#1598,#1599,#1600,#1601,#1602,#1603,#1604,#1605,#1606,#1607,#1608,#1609,#1610,#1611,#1612,#1613,#1614,#1615,#1616,#1617,#1618,#1619,#1620,#1621,#1622,#1623,#1624,#1625,#1626,#1627,#1628,#1629,#1630,#1631,#1632,#1633,#1634,#1635,#1636,#1637,#1638,#1639,#1640,#1641,#1642,#1643,#1644,#1645,#1646,#1647,#1648,#1649,#1650,#1651,#1652,#1653,#1654,#1655,#1656,#1657,#1658,#1659,#1660,#1661,#1662,#1663,#1664,#1665,#1666,#1667,#1668,#1669,#1670,#1671,#1672,#1673,#1674,#1675,#1676,#1677,#1678,#1679,#1680,#1681,#1682,#1683,#1684,#1685,#1686,#1687,#1688,#1689,#1690,#1691,#1692,#1693,#1694,#1695,#1696,#1697,#1698,#1699,#1700,#1701,#1702,#1703,#1704,#1705,#1706,#1707,#1708,#1709,#1710,#1711,#1712,#1713,#1714,#1715,#1716,#1717,#1718,#1719,#1720));
#694=AXIS2_PLACEMENT_3D('',#1721,#1722,#1723);
#695=EDGE_LOOP('',(#1724,#1725,#1726,#1727,#1728,#1729,#1730,#1731,#1732,#1733,#1734,#1735,#1736,#1737,#1738,#1739,#1740,#1741,#1742,#1743,#1744,#1745,#1746,#1747,#1748,#1749,#1750,#1751,#1752,#1753,#1754,#1755,#1756,#1757,#1758,#1759,#1760,#1761,#1762,#1763,#1764,#1765,#1766,#1767,#1768,#1769,#1770,#1771,#1772,#1773,#1774,#1775,#1776,#1777,#1778,#1779,#1780,#1781,#1782,#1783,#1784,#1785,#1786,#1787,#1788,#1789,#1790,#1791,#1792,#1793,#1794,#1795,#1796,#1797,#1798,#1799,#1800,#1801,#1802,#1803,#1804,#1805,#1806,#1807,#1808,#1809,#1810,#1811,#1812,#1813,#1814,#1815,#1816,#1817,#1818,#1819,#1820,#1821,#1822,#1823,#1824,#1825,#1826,#1827,#1828,#1829,#1830,#1831,#1832,#1833,#1834,#1835,#1836,#1837,#1838,#1839,#1840,#1841,#1842,#1843,#1844,#1845,#1846,#1847,#1848,#1849,#1850,#1851));
#696=AXIS2_PLACEMENT_3D('',#1852,#1853,#1854);
#697=ORIENTED_EDGE('',*,*,#1855,.T.);
#698=ORIENTED_EDGE('',*,*,#1856,.F.);
#699=ORIENTED_EDGE('',*,*,#1857,.F.);
#700=ORIENTED_EDGE('',*,*,#1858,.T.);
#701=CARTESIAN_POINT('',(8.45000000000002,17.0,0.0));
#702=DIRECTION('',(1.0,0.0,-0.0));
#703=DIRECTION('',(-0.0,1.0,0.0));
#704=ORIENTED_EDGE('',*,*,#1859,.T.);
#705=ORIENTED_EDGE('',*,*,#1860,.F.);
#706=ORIENTED_EDGE('',*,*,#1861,.F.);
#707=ORIENTED_EDGE('',*,*,#1856,.T.);
#708=CARTESIAN_POINT('',(6.85000000000001,15.0,0.0));
#709=DIRECTION('',(0.0,-1.0,0.0));
#710=DIRECTION('',(1.0,0.0,-0.0));
#711=ORIENTED_EDGE('',*,*,#1862,.T.);
#712=ORIENTED_EDGE('',*,*,#1863,.F.);
#713=ORIENTED_EDGE('',*,*,#1864,.F.);
#714=ORIENTED_EDGE('',*,*,#1860,.T.);
#715=CARTESIAN_POINT('',(5.25,11.5,0.0));
#716=DIRECTION('',(1.0,0.0,-0.0));
#717=DIRECTION('',(-0.0,1.0,0.0));
#718=ORIENTED_EDGE('',*,*,#1865,.T.);
#719=ORIENTED_EDGE('',*,*,#1866,.F.);
#720=ORIENTED_EDGE('',*,*,#1867,.F.);
#721=ORIENTED_EDGE('',*,*,#1863,.T.);
#722=CARTESIAN_POINT('',(12.5,8.0,0.0));
#723=DIRECTION('',(0.0,1.0,0.0));
#724=DIRECTION('',(-1.0,0.0,0.0));
#725=ORIENTED_EDGE('',*,*,#1868,.T.);
#726=ORIENTED_EDGE('',*,*,#1869,.F.);
#727=ORIENTED_EDGE('',*,*,#1870,.F.);
#728=ORIENTED_EDGE('',*,*,#1866,.T.);
#729=CARTESIAN_POINT('',(19.75,11.5,0.0));
#730=DIRECTION('',(-1.0,-0.0,0.0));
#731=DIRECTION('',(0.0,-1.0,-0.0));
#732=ORIENTED_EDGE('',*,*,#1871,.T.);
#733=ORIENTED_EDGE('',*,*,#1872,.F.);
#734=ORIENTED_EDGE('',*,*,#1873,.F.);
#735=ORIENTED_EDGE('',*,*,#1869,.T.);
#736=CARTESIAN_POINT('',(18.15,15.0,0.0));
#737=DIRECTION('',(0.0,-1.0,0.0));
#738=DIRECTION('',(1.0,0.0,-0.0));
#739=ORIENTED_EDGE('',*,*,#1874,.T.);
#740=ORIENTED_EDGE('',*,*,#1875,.F.);
#741=ORIENTED_EDGE('',*,*,#1876,.F.);
#742=ORIENTED_EDGE('',*,*,#1872,.T.);
#743=CARTESIAN_POINT('',(16.55,17.0,0.0));
#744=DIRECTION('',(-1.0,-0.0,0.0));
#745=DIRECTION('',(0.0,-1.0,-0.0));
#746=ORIENTED_EDGE('',*,*,#1877,.T.);
#747=ORIENTED_EDGE('',*,*,#1878,.F.);
#748=ORIENTED_EDGE('',*,*,#1879,.F.);
#749=ORIENTED_EDGE('',*,*,#1875,.T.);
#750=CARTESIAN_POINT('',(17.05,19.5,0.0));
#751=DIRECTION('',(-0.707106781186547,0.707106781186547,0.0));
#752=DIRECTION('',(-0.707106781186548,-0.707106781186548,-0.0));
#753=ORIENTED_EDGE('',*,*,#1880,.T.);
#754=ORIENTED_EDGE('',*,*,#1881,.F.);
#755=ORIENTED_EDGE('',*,*,#1882,.T.);
#756=ORIENTED_EDGE('',*,*,#1878,.T.);
#757=CARTESIAN_POINT('',(25.0,20.0,0.0));
#758=DIRECTION('',(0.0,1.0,-0.0));
#759=DIRECTION('',(-1.0,0.0,0.0));
#760=ORIENTED_EDGE('',*,*,#1883,.T.);
#761=ORIENTED_EDGE('',*,*,#1884,.F.);
#762=ORIENTED_EDGE('',*,*,#1885,.F.);
#763=ORIENTED_EDGE('',*,*,#1881,.T.);
#764=CARTESIAN_POINT('',(32.95,19.5,0.0));
#765=DIRECTION('',(0.707106781186547,0.707106781186547,-0.0));
#766=DIRECTION('',(-0.707106781186548,0.707106781186548,0.0));
#767=ORIENTED_EDGE('',*,*,#1886,.T.);
#768=ORIENTED_EDGE('',*,*,#1887,.F.);
#769=ORIENTED_EDGE('',*,*,#1888,.F.);
#770=ORIENTED_EDGE('',*,*,#1884,.T.);
#771=CARTESIAN_POINT('',(33.45,17.0,0.0));
#772=DIRECTION('',(1.0,0.0,-0.0));
#773=DIRECTION('',(-0.0,1.0,0.0));
#774=ORIENTED_EDGE('',*,*,#1889,.T.);
#775=ORIENTED_EDGE('',*,*,#1890,.F.);
#776=ORIENTED_EDGE('',*,*,#1891,.F.);
#777=ORIENTED_EDGE('',*,*,#1887,.T.);
#778=CARTESIAN_POINT('',(31.85,15.0,0.0));
#779=DIRECTION('',(0.0,-1.0,0.0));
#780=DIRECTION('',(1.0,0.0,-0.0));
#781=ORIENTED_EDGE('',*,*,#1892,.T.);
#782=ORIENTED_EDGE('',*,*,#1893,.F.);
#783=ORIENTED_EDGE('',*,*,#1894,.F.);
#784=ORIENTED_EDGE('',*,*,#1890,.T.);
#785=CARTESIAN_POINT('',(30.25,11.5,0.0));
#786=DIRECTION('',(1.0,0.0,-0.0));
#787=DIRECTION('',(-0.0,1.0,0.0));
#788=ORIENTED_EDGE('',*,*,#1895,.T.);
#789=ORIENTED_EDGE('',*,*,#1896,.F.);
#790=ORIENTED_EDGE('',*,*,#1897,.F.);
#791=ORIENTED_EDGE('',*,*,#1893,.T.);
#792=CARTESIAN_POINT('',(37.5,8.0,0.0));
#793=DIRECTION('',(0.0,1.0,0.0));
#794=DIRECTION('',(-1.0,0.0,0.0));
#795=ORIENTED_EDGE('',*,*,#1898,.T.);
#796=ORIENTED_EDGE('',*,*,#1899,.F.);
#797=ORIENTED_EDGE('',*,*,#1900,.F.);
#798=ORIENTED_EDGE('',*,*,#1896,.T.);
#799=CARTESIAN_POINT('',(44.75,11.5,0.0));
#800=DIRECTION('',(-1.0,-0.0,0.0));
#801=DIRECTION('',(0.0,-1.0,-0.0));
#802=ORIENTED_EDGE('',*,*,#1901,.T.);
#803=ORIENTED_EDGE('',*,*,#1902,.F.);
#804=ORIENTED_EDGE('',*,*,#1903,.F.);
#805=ORIENTED_EDGE('',*,*,#1899,.T.);
#806=CARTESIAN_POINT('',(43.15,15.0,0.0));
#807=DIRECTION('',(0.0,-1.0,0.0));
#808=DIRECTION('',(1.0,0.0,-0.0));
#809=ORIENTED_EDGE('',*,*,#1904,.T.);
#810=ORIENTED_EDGE('',*,*,#1905,.F.);
#811=ORIENTED_EDGE('',*,*,#1906,.F.);
#812=ORIENTED_EDGE('',*,*,#1902,.T.);
#813=CARTESIAN_POINT('',(41.55,17.0,0.0));
#814=DIRECTION('',(-1.0,-0.0,0.0));
#815=DIRECTION('',(0.0,-1.0,-0.0));
#816=ORIENTED_EDGE('',*,*,#1907,.T.);
#817=ORIENTED_EDGE('',*,*,#1908,.F.);
#818=ORIENTED_EDGE('',*,*,#1909,.F.);
#819=ORIENTED_EDGE('',*,*,#1905,.T.);
#820=CARTESIAN_POINT('',(42.05,19.5,0.0));
#821=DIRECTION('',(-0.707106781186547,0.707106781186547,0.0));
#822=DIRECTION('',(-0.707106781186548,-0.707106781186548,-0.0));
#823=ORIENTED_EDGE('',*,*,#1910,.T.);
#824=ORIENTED_EDGE('',*,*,#1911,.F.);
#825=ORIENTED_EDGE('',*,*,#1912,.T.);
#826=ORIENTED_EDGE('',*,*,#1908,.T.);
#827=CARTESIAN_POINT('',(50.0,20.0,0.0));
#828=DIRECTION('',(0.0,1.0,-0.0));
#829=DIRECTION('',(-1.0,0.0,0.0));
#830=ORIENTED_EDGE('',*,*,#1913,.T.);
#831=ORIENTED_EDGE('',*,*,#1914,.F.);
#832=ORIENTED_EDGE('',*,*,#1915,.F.);
#833=ORIENTED_EDGE('',*,*,#1911,.T.);
#834=CARTESIAN_POINT('',(57.95,19.5,0.0));
#835=DIRECTION('',(0.707106781186547,0.707106781186547,-0.0));
#836=DIRECTION('',(-0.707106781186548,0.707106781186548,0.0));
#837=ORIENTED_EDGE('',*,*,#1916,.T.);
#838=ORIENTED_EDGE('',*,*,#1917,.F.);
#839=ORIENTED_EDGE('',*,*,#1918,.F.);
#840=ORIENTED_EDGE('',*,*,#1914,.T.);
#841=CARTESIAN_POINT('',(58.45,17.0,0.0));
#842=DIRECTION('',(1.0,0.0,-0.0));
#843=DIRECTION('',(-0.0,1.0,0.0));
#844=ORIENTED_EDGE('',*,*,#1919,.T.);
#845=ORIENTED_EDGE('',*,*,#1920,.F.);
#846=ORIENTED_EDGE('',*,*,#1921,.F.);
#847=ORIENTED_EDGE('',*,*,#1917,.T.);
#848=CARTESIAN_POINT('',(56.85,15.0,0.0));
#849=DIRECTION('',(0.0,-1.0,0.0));
#850=DIRECTION('',(1.0,0.0,-0.0));
#851=ORIENTED_EDGE('',*,*,#1922,.T.);
#852=ORIENTED_EDGE('',*,*,#1923,.F.);
#853=ORIENTED_EDGE('',*,*,#1924,.F.);
#854=ORIENTED_EDGE('',*,*,#1920,.T.);
#855=CARTESIAN_POINT('',(55.25,11.5,0.0));
#856=DIRECTION('',(1.0,0.0,-0.0));
#857=DIRECTION('',(-0.0,1.0,0.0));
#858=ORIENTED_EDGE('',*,*,#1925,.T.);
#859=ORIENTED_EDGE('',*,*,#1926,.F.);
#860=ORIENTED_EDGE('',*,*,#1927,.F.);
#861=ORIENTED_EDGE('',*,*,#1923,.T.);
#862=CARTESIAN_POINT('',(62.5,8.0,0.0));
#863=DIRECTION('',(0.0,1.0,0.0));
#864=DIRECTION('',(-1.0,0.0,0.0));
#865=ORIENTED_EDGE('',*,*,#1928,.T.);
#866=ORIENTED_EDGE('',*,*,#1929,.F.);
#867=ORIENTED_EDGE('',*,*,#1930,.F.);
#868=ORIENTED_EDGE('',*,*,#1926,.T.);
#869=CARTESIAN_POINT('',(69.75,11.5,0.0));
#870=DIRECTION('',(-1.0,-0.0,0.0));
#871=DIRECTION('',(0.0,-1.0,-0.0));
#872=ORIENTED_EDGE('',*,*,#1931,.T.);
#873=ORIENTED_EDGE('',*,*,#1932,.F.);
#874=ORIENTED_EDGE('',*,*,#1933,.F.);
#875=ORIENTED_EDGE('',*,*,#1929,.T.);
#876=CARTESIAN_POINT('',(68.15,15.0,0.0));
#877=DIRECTION('',(0.0,-1.0,0.0));
#878=DIRECTION('',(1.0,0.0,-0.0));
#879=ORIENTED_EDGE('',*,*,#1934,.T.);
#880=ORIENTED_EDGE('',*,*,#1935,.F.);
#881=ORIENTED_EDGE('',*,*,#1936,.F.);
#882=ORIENTED_EDGE('',*,*,#1932,.T.);
#883=CARTESIAN_POINT('',(66.55,17.0,0.0));
#884=DIRECTION('',(-1.0,-0.0,0.0));
#885=DIRECTION('',(0.0,-1.0,-0.0));
#886=ORIENTED_EDGE('',*,*,#1937,.T.);
#887=ORIENTED_EDGE('',*,*,#1938,.F.);
#888=ORIENTED_EDGE('',*,*,#1939,.F.);
#889=ORIENTED_EDGE('',*,*,#1935,.T.);
#890=CARTESIAN_POINT('',(67.05,19.5,0.0));
#891=DIRECTION('',(-0.707106781186547,0.707106781186547,0.0));
#892=DIRECTION('',(-0.707106781186548,-0.707106781186548,-0.0));
#893=ORIENTED_EDGE('',*,*,#1940,.T.);
#894=ORIENTED_EDGE('',*,*,#1941,.F.);
#895=ORIENTED_EDGE('',*,*,#1942,.T.);
#896=ORIENTED_EDGE('',*,*,#1938,.T.);
#897=CARTESIAN_POINT('',(75.0,20.0,0.0));
#898=DIRECTION('',(0.0,1.0,-0.0));
#899=DIRECTION('',(-1.0,0.0,0.0));
#900=ORIENTED_EDGE('',*,*,#1943,.T.);
#901=ORIENTED_EDGE('',*,*,#1944,.F.);
#902=ORIENTED_EDGE('',*,*,#1945,.F.);
#903=ORIENTED_EDGE('',*,*,#1941,.T.);
#904=CARTESIAN_POINT('',(82.95,19.5,0.0));
#905=DIRECTION('',(0.707106781186547,0.707106781186547,-0.0));
#906=DIRECTION('',(-0.707106781186548,0.707106781186548,0.0));
#907=ORIENTED_EDGE('',*,*,#1946,.T.);
#908=ORIENTED_EDGE('',*,*,#1947,.F.);
#909=ORIENTED_EDGE('',*,*,#1948,.F.);
#910=ORIENTED_EDGE('',*,*,#1944,.T.);
#911=CARTESIAN_POINT('',(83.45,17.0,0.0));
#912=DIRECTION('',(1.0,0.0,-0.0));
#913=DIRECTION('',(-0.0,1.0,0.0));
#914=ORIENTED_EDGE('',*,*,#1949,.T.);
#915=ORIENTED_EDGE('',*,*,#1950,.F.);
#916=ORIENTED_EDGE('',*,*,#1951,.F.);
#917=ORIENTED_EDGE('',*,*,#1947,.T.);
#918=CARTESIAN_POINT('',(81.85,15.0,0.0));
#919=DIRECTION('',(0.0,-1.0,0.0));
#920=DIRECTION('',(1.0,0.0,-0.0));
#921=ORIENTED_EDGE('',*,*,#1952,.T.);
#922=ORIENTED_EDGE('',*,*,#1953,.F.);
#923=ORIENTED_EDGE('',*,*,#1954,.F.);
#924=ORIENTED_EDGE('',*,*,#1950,.T.);
#925=CARTESIAN_POINT('',(80.25,11.5,0.0));
#926=DIRECTION('',(1.0,0.0,-0.0));
#927=DIRECTION('',(-0.0,1.0,0.0));
#928=ORIENTED_EDGE('',*,*,#1955,.T.);
#929=ORIENTED_EDGE('',*,*,#1956,.F.);
#930=ORIENTED_EDGE('',*,*,#1957,.F.);
#931=ORIENTED_EDGE('',*,*,#1953,.T.);
#932=CARTESIAN_POINT('',(87.5,8.0,0.0));
#933=DIRECTION('',(0.0,1.0,0.0));
#934=DIRECTION('',(-1.0,0.0,0.0));
#935=ORIENTED_EDGE('',*,*,#1958,.T.);
#936=ORIENTED_EDGE('',*,*,#1959,.F.);
#937=ORIENTED_EDGE('',*,*,#1960,.F.);
#938=ORIENTED_EDGE('',*,*,#1956,.T.);
#939=CARTESIAN_POINT('',(94.75,11.5,0.0));
#940=DIRECTION('',(-1.0,-0.0,0.0));
#941=DIRECTION('',(0.0,-1.0,-0.0));
#942=ORIENTED_EDGE('',*,*,#1961,.T.);
#943=ORIENTED_EDGE('',*,*,#1962,.F.);
#944=ORIENTED_EDGE('',*,*,#1963,.F.);
#945=ORIENTED_EDGE('',*,*,#1959,.T.);
#946=CARTESIAN_POINT('',(93.15,15.0,0.0));
#947=DIRECTION('',(0.0,-1.0,0.0));
#948=DIRECTION('',(1.0,0.0,-0.0));
#949=ORIENTED_EDGE('',*,*,#1964,.T.);
#950=ORIENTED_EDGE('',*,*,#1965,.F.);
#951=ORIENTED_EDGE('',*,*,#1966,.F.);
#952=ORIENTED_EDGE('',*,*,#1962,.T.);
#953=CARTESIAN_POINT('',(91.55,17.0,0.0));
#954=DIRECTION('',(-1.0,-0.0,0.0));
#955=DIRECTION('',(0.0,-1.0,-0.0));
#956=ORIENTED_EDGE('',*,*,#1967,.T.);
#957=ORIENTED_EDGE('',*,*,#1968,.F.);
#958=ORIENTED_EDGE('',*,*,#1969,.F.);
#959=ORIENTED_EDGE('',*,*,#1965,.T.);
#960=CARTESIAN_POINT('',(92.05,19.5,0.0));
#961=DIRECTION('',(-0.707106781186547,0.707106781186547,0.0));
#962=DIRECTION('',(-0.707106781186548,-0.707106781186548,-0.0));
#963=ORIENTED_EDGE('',*,*,#1970,.T.);
#964=ORIENTED_EDGE('',*,*,#1971,.F.);
#965=ORIENTED_EDGE('',*,*,#1972,.T.);
#966=ORIENTED_EDGE('',*,*,#1968,.T.);
#967=CARTESIAN_POINT('',(100.0,20.0,0.0));
#968=DIRECTION('',(0.0,1.0,-0.0));
#969=DIRECTION('',(-1.0,0.0,0.0));
#970=ORIENTED_EDGE('',*,*,#1973,.T.);
#971=ORIENTED_EDGE('',*,*,#1974,.F.);
#972=ORIENTED_EDGE('',*,*,#1975,.F.);
#973=ORIENTED_EDGE('',*,*,#1971,.T.);
#974=CARTESIAN_POINT('',(107.95,19.5,0.0));
#975=DIRECTION('',(0.707106781186547,0.707106781186547,-0.0));
#976=DIRECTION('',(-0.707106781186548,0.707106781186548,0.0));
#977=ORIENTED_EDGE('',*,*,#1976,.T.);
#978=ORIENTED_EDGE('',*,*,#1977,.F.);
#979=ORIENTED_EDGE('',*,*,#1978,.F.);
#980=ORIENTED_EDGE('',*,*,#1974,.T.);
#981=CARTESIAN_POINT('',(108.45,17.0,0.0));
#982=DIRECTION('',(1.0,0.0,-0.0));
#983=DIRECTION('',(-0.0,1.0,0.0));
#984=ORIENTED_EDGE('',*,*,#1979,.T.);
#985=ORIENTED_EDGE('',*,*,#1980,.F.);
#986=ORIENTED_EDGE('',*,*,#1981,.F.);
#987=ORIENTED_EDGE('',*,*,#1977,.T.);
#988=CARTESIAN_POINT('',(106.85,15.0,0.0));
#989=DIRECTION('',(0.0,-1.0,0.0));
#990=DIRECTION('',(1.0,0.0,-0.0));
#991=ORIENTED_EDGE('',*,*,#1982,.T.);
#992=ORIENTED_EDGE('',*,*,#1983,.F.);
#993=ORIENTED_EDGE('',*,*,#1984,.F.);
#994=ORIENTED_EDGE('',*,*,#1980,.T.);
#995=CARTESIAN_POINT('',(105.25,11.5,0.0));
#996=DIRECTION('',(1.0,0.0,-0.0));
#997=DIRECTION('',(-0.0,1.0,0.0));
#998=ORIENTED_EDGE('',*,*,#1985,.T.);
#999=ORIENTED_EDGE('',*,*,#1986,.F.);
#1000=ORIENTED_EDGE('',*,*,#1987,.F.);
#1001=ORIENTED_EDGE('',*,*,#1983,.T.);
#1002=CARTESIAN_POINT('',(112.5,8.0,0.0));
#1003=DIRECTION('',(0.0,1.0,0.0));
#1004=DIRECTION('',(-1.0,0.0,0.0));
#1005=ORIENTED_EDGE('',*,*,#1988,.T.);
#1006=ORIENTED_EDGE('',*,*,#1989,.F.);
#1007=ORIENTED_EDGE('',*,*,#1990,.F.);
#1008=ORIENTED_EDGE('',*,*,#1986,.T.);
#1009=CARTESIAN_POINT('',(119.75,11.5,0.0));
#1010=DIRECTION('',(-1.0,-0.0,0.0));
#1011=DIRECTION('',(0.0,-1.0,-0.0));
#1012=ORIENTED_EDGE('',*,*,#1991,.T.);
#1013=ORIENTED_EDGE('',*,*,#1992,.F.);
#1014=ORIENTED_EDGE('',*,*,#1993,.F.);
#1015=ORIENTED_EDGE('',*,*,#1989,.T.);
#1016=CARTESIAN_POINT('',(118.15,15.0,0.0));
#1017=DIRECTION('',(0.0,-1.0,0.0));
#1018=DIRECTION('',(1.0,0.0,-0.0));
#1019=ORIENTED_EDGE('',*,*,#1994,.T.);
#1020=ORIENTED_EDGE('',*,*,#1995,.F.);
#1021=ORIENTED_EDGE('',*,*,#1996,.F.);
#1022=ORIENTED_EDGE('',*,*,#1992,.T.);
#1023=CARTESIAN_POINT('',(116.55,17.0,0.0));
#1024=DIRECTION('',(-1.0,-0.0,0.0));
#1025=DIRECTION('',(0.0,-1.0,-0.0));
#1026=ORIENTED_EDGE('',*,*,#1997,.T.);
#1027=ORIENTED_EDGE('',*,*,#1998,.F.);
#1028=ORIENTED_EDGE('',*,*,#1999,.F.);
#1029=ORIENTED_EDGE('',*,*,#1995,.T.);
#1030=CARTESIAN_POINT('',(117.05,19.5,0.0));
#1031=DIRECTION('',(-0.707106781186547,0.707106781186547,0.0));
#1032=DIRECTION('',(-0.707106781186548,-0.707106781186548,-0.0));
#1033=ORIENTED_EDGE('',*,*,#2000,.T.);
#1034=ORIENTED_EDGE('',*,*,#2001,.F.);
#1035=ORIENTED_EDGE('',*,*,#2002,.T.);
#1036=ORIENTED_EDGE('',*,*,#1998,.T.);
#1037=CARTESIAN_POINT('',(120.775,20.0,0.0));
#1038=DIRECTION('',(0.0,1.0,-0.0));
#1039=DIRECTION('',(-1.0,0.0,0.0));
#1040=ORIENTED_EDGE('',*,*,#2003,.T.);
#1041=ORIENTED_EDGE('',*,*,#2004,.F.);
#1042=ORIENTED_EDGE('',*,*,#2005,.T.);
#1043=ORIENTED_EDGE('',*,*,#2001,.T.);
#1044=CARTESIAN_POINT('',(124.5,19.5,0.0));
#1045=DIRECTION('',(0.707106781186547,0.707106781186547,-0.0));
#1046=DIRECTION('',(-0.707106781186548,0.707106781186548,0.0));
#1047=ORIENTED_EDGE('',*,*,#2006,.T.);
#1048=ORIENTED_EDGE('',*,*,#2007,.F.);
#1049=ORIENTED_EDGE('',*,*,#2008,.T.);
#1050=ORIENTED_EDGE('',*,*,#2004,.T.);
#1051=CARTESIAN_POINT('',(125.0,10.0,0.0));
#1052=DIRECTION('',(1.0,0.0,0.0));
#1053=DIRECTION('',(0.0,1.0,0.0));
#1054=ORIENTED_EDGE('',*,*,#2009,.T.);
#1055=ORIENTED_EDGE('',*,*,#2010,.F.);
#1056=ORIENTED_EDGE('',*,*,#2011,.T.);
#1057=ORIENTED_EDGE('',*,*,#2007,.T.);
#1058=CARTESIAN_POINT('',(124.5,0.5,0.0));
#1059=DIRECTION('',(0.707106781186547,-0.707106781186547,0.0));
#1060=DIRECTION('',(0.707106781186548,0.707106781186548,0.0));
#1061=ORIENTED_EDGE('',*,*,#2012,.T.);
#1062=ORIENTED_EDGE('',*,*,#2013,.F.);
#1063=ORIENTED_EDGE('',*,*,#2014,.T.);
#1064=ORIENTED_EDGE('',*,*,#2010,.T.);
#1065=CARTESIAN_POINT('',(113.25,0.0,0.0));
#1066=DIRECTION('',(0.0,-1.0,0.0));
#1067=DIRECTION('',(1.0,0.0,0.0));
#1068=ORIENTED_EDGE('',*,*,#2015,.T.);
#1069=ORIENTED_EDGE('',*,*,#2016,.F.);
#1070=ORIENTED_EDGE('',*,*,#2017,.T.);
#1071=ORIENTED_EDGE('',*,*,#2013,.T.);
#1072=CARTESIAN_POINT('',(101.75,0.75,0.0));
#1073=DIRECTION('',(-0.707106781186548,-0.707106781186548,0.0));
#1074=DIRECTION('',(0.707106781186548,-0.707106781186548,0.0));
#1075=ORIENTED_EDGE('',*,*,#2018,.T.);
#1076=ORIENTED_EDGE('',*,*,#2019,.F.);
#1077=ORIENTED_EDGE('',*,*,#2020,.F.);
#1078=ORIENTED_EDGE('',*,*,#2016,.T.);
#1079=CARTESIAN_POINT('',(100.0,1.5,0.0));
#1080=DIRECTION('',(0.0,-1.0,0.0));
#1081=DIRECTION('',(1.0,0.0,-0.0));
#1082=ORIENTED_EDGE('',*,*,#2021,.T.);
#1083=ORIENTED_EDGE('',*,*,#2022,.F.);
#1084=ORIENTED_EDGE('',*,*,#2023,.F.);
#1085=ORIENTED_EDGE('',*,*,#2019,.T.);
#1086=CARTESIAN_POINT('',(98.25,0.75,0.0));
#1087=DIRECTION('',(0.707106781186548,-0.707106781186548,0.0));
#1088=DIRECTION('',(0.707106781186548,0.707106781186548,-0.0));
#1089=ORIENTED_EDGE('',*,*,#2024,.T.);
#1090=ORIENTED_EDGE('',*,*,#2025,.F.);
#1091=ORIENTED_EDGE('',*,*,#2026,.T.);
#1092=ORIENTED_EDGE('',*,*,#2022,.T.);
#1093=CARTESIAN_POINT('',(75.0,0.0,0.0));
#1094=DIRECTION('',(0.0,-1.0,0.0));
#1095=DIRECTION('',(1.0,0.0,0.0));
#1096=ORIENTED_EDGE('',*,*,#2027,.T.);
#1097=ORIENTED_EDGE('',*,*,#2028,.F.);
#1098=ORIENTED_EDGE('',*,*,#2029,.T.);
#1099=ORIENTED_EDGE('',*,*,#2025,.T.);
#1100=CARTESIAN_POINT('',(51.75,0.75,0.0));
#1101=DIRECTION('',(-0.707106781186548,-0.707106781186548,0.0));
#1102=DIRECTION('',(0.707106781186548,-0.707106781186548,0.0));
#1103=ORIENTED_EDGE('',*,*,#2030,.T.);
#1104=ORIENTED_EDGE('',*,*,#2031,.F.);
#1105=ORIENTED_EDGE('',*,*,#2032,.F.);
#1106=ORIENTED_EDGE('',*,*,#2028,.T.);
#1107=CARTESIAN_POINT('',(50.0,1.5,0.0));
#1108=DIRECTION('',(0.0,-1.0,0.0));
#1109=DIRECTION('',(1.0,0.0,-0.0));
#1110=ORIENTED_EDGE('',*,*,#2033,.T.);
#1111=ORIENTED_EDGE('',*,*,#2034,.F.);
#1112=ORIENTED_EDGE('',*,*,#2035,.F.);
#1113=ORIENTED_EDGE('',*,*,#2031,.T.);
#1114=CARTESIAN_POINT('',(48.25,0.75,0.0));
#1115=DIRECTION('',(0.707106781186548,-0.707106781186548,0.0));
#1116=DIRECTION('',(0.707106781186548,0.707106781186548,-0.0));
#1117=ORIENTED_EDGE('',*,*,#2036,.T.);
#1118=ORIENTED_EDGE('',*,*,#2037,.F.);
#1119=ORIENTED_EDGE('',*,*,#2038,.T.);
#1120=ORIENTED_EDGE('',*,*,#2034,.T.);
#1121=CARTESIAN_POINT('',(25.0,0.0,0.0));
#1122=DIRECTION('',(0.0,-1.0,0.0));
#1123=DIRECTION('',(1.0,0.0,0.0));
#1124=ORIENTED_EDGE('',*,*,#2039,.T.);
#1125=ORIENTED_EDGE('',*,*,#2040,.F.);
#1126=ORIENTED_EDGE('',*,*,#2041,.T.);
#1127=ORIENTED_EDGE('',*,*,#2037,.T.);
#1128=CARTESIAN_POINT('',(1.75,0.75,0.0));
#1129=DIRECTION('',(-0.707106781186548,-0.707106781186548,0.0));
#1130=DIRECTION('',(0.707106781186548,-0.707106781186548,0.0));
#1131=ORIENTED_EDGE('',*,*,#2042,.T.);
#1132=ORIENTED_EDGE('',*,*,#2043,.F.);
#1133=ORIENTED_EDGE('',*,*,#2044,.F.);
#1134=ORIENTED_EDGE('',*,*,#2040,.T.);
#1135=CARTESIAN_POINT('',(0.0,1.5,0.0));
#1136=DIRECTION('',(0.0,-1.0,0.0));
#1137=DIRECTION('',(1.0,0.0,-0.0));
#1138=ORIENTED_EDGE('',*,*,#2045,.T.);
#1139=ORIENTED_EDGE('',*,*,#2046,.F.);
#1140=ORIENTED_EDGE('',*,*,#2047,.F.);
#1141=ORIENTED_EDGE('',*,*,#2043,.T.);
#1142=CARTESIAN_POINT('',(-1.75,0.75,0.0));
#1143=DIRECTION('',(0.707106781186548,-0.707106781186548,0.0));
#1144=DIRECTION('',(0.707106781186548,0.707106781186548,-0.0));
#1145=ORIENTED_EDGE('',*,*,#2048,.T.);
#1146=ORIENTED_EDGE('',*,*,#2049,.F.);
#1147=ORIENTED_EDGE('',*,*,#2050,.F.);
#1148=ORIENTED_EDGE('',*,*,#2046,.T.);
#1149=CARTESIAN_POINT('',(-25.0,0.0,0.0));
#1150=DIRECTION('',(0.0,-1.0,0.0));
#1151=DIRECTION('',(1.0,0.0,-0.0));
#1152=ORIENTED_EDGE('',*,*,#2051,.T.);
#1153=ORIENTED_EDGE('',*,*,#2052,.F.);
#1154=ORIENTED_EDGE('',*,*,#2053,.T.);
#1155=ORIENTED_EDGE('',*,*,#2049,.T.);
#1156=CARTESIAN_POINT('',(-48.25,0.75,0.0));
#1157=DIRECTION('',(-0.707106781186548,-0.707106781186548,0.0));
#1158=DIRECTION('',(0.707106781186548,-0.707106781186548,0.0));
#1159=ORIENTED_EDGE('',*,*,#2054,.T.);
#1160=ORIENTED_EDGE('',*,*,#2055,.F.);
#1161=ORIENTED_EDGE('',*,*,#2056,.T.);
#1162=ORIENTED_EDGE('',*,*,#2052,.T.);
#1163=CARTESIAN_POINT('',(-50.0,1.5,0.0));
#1164=DIRECTION('',(0.0,-1.0,0.0));
#1165=DIRECTION('',(1.0,0.0,0.0));
#1166=ORIENTED_EDGE('',*,*,#2057,.T.);
#1167=ORIENTED_EDGE('',*,*,#2058,.F.);
#1168=ORIENTED_EDGE('',*,*,#2059,.F.);
#1169=ORIENTED_EDGE('',*,*,#2055,.T.);
#1170=CARTESIAN_POINT('',(-51.75,0.75,0.0));
#1171=DIRECTION('',(0.707106781186548,-0.707106781186548,0.0));
#1172=DIRECTION('',(0.707106781186548,0.707106781186548,-0.0));
#1173=ORIENTED_EDGE('',*,*,#2060,.T.);
#1174=ORIENTED_EDGE('',*,*,#2061,.F.);
#1175=ORIENTED_EDGE('',*,*,#2062,.F.);
#1176=ORIENTED_EDGE('',*,*,#2058,.T.);
#1177=CARTESIAN_POINT('',(-75.0,0.0,0.0));
#1178=DIRECTION('',(0.0,-1.0,0.0));
#1179=DIRECTION('',(1.0,0.0,-0.0));
#1180=ORIENTED_EDGE('',*,*,#2063,.T.);
#1181=ORIENTED_EDGE('',*,*,#2064,.F.);
#1182=ORIENTED_EDGE('',*,*,#2065,.T.);
#1183=ORIENTED_EDGE('',*,*,#2061,.T.);
#1184=CARTESIAN_POINT('',(-98.25,0.75,0.0));
#1185=DIRECTION('',(-0.707106781186548,-0.707106781186548,0.0));
#1186=DIRECTION('',(0.707106781186548,-0.707106781186548,0.0));
#1187=ORIENTED_EDGE('',*,*,#2066,.T.);
#1188=ORIENTED_EDGE('',*,*,#2067,.F.);
#1189=ORIENTED_EDGE('',*,*,#2068,.T.);
#1190=ORIENTED_EDGE('',*,*,#2064,.T.);
#1191=CARTESIAN_POINT('',(-100.0,1.5,0.0));
#1192=DIRECTION('',(0.0,-1.0,0.0));
#1193=DIRECTION('',(1.0,0.0,0.0));
#1194=ORIENTED_EDGE('',*,*,#2069,.T.);
#1195=ORIENTED_EDGE('',*,*,#2070,.F.);
#1196=ORIENTED_EDGE('',*,*,#2071,.F.);
#1197=ORIENTED_EDGE('',*,*,#2067,.T.);
#1198=CARTESIAN_POINT('',(-101.75,0.75,0.0));
#1199=DIRECTION('',(0.707106781186548,-0.707106781186548,0.0));
#1200=DIRECTION('',(0.707106781186548,0.707106781186548,-0.0));
#1201=ORIENTED_EDGE('',*,*,#2072,.T.);
#1202=ORIENTED_EDGE('',*,*,#2073,.F.);
#1203=ORIENTED_EDGE('',*,*,#2074,.F.);
#1204=ORIENTED_EDGE('',*,*,#2070,.T.);
#1205=CARTESIAN_POINT('',(-113.25,0.0,0.0));
#1206=DIRECTION('',(0.0,-1.0,0.0));
#1207=DIRECTION('',(1.0,0.0,-0.0));
#1208=ORIENTED_EDGE('',*,*,#2075,.T.);
#1209=ORIENTED_EDGE('',*,*,#2076,.F.);
#1210=ORIENTED_EDGE('',*,*,#2077,.F.);
#1211=ORIENTED_EDGE('',*,*,#2073,.T.);
#1212=CARTESIAN_POINT('',(-124.5,0.5,0.0));
#1213=DIRECTION('',(-0.707106781186547,-0.707106781186547,0.0));
#1214=DIRECTION('',(0.707106781186548,-0.707106781186548,-0.0));
#1215=ORIENTED_EDGE('',*,*,#2078,.T.);
#1216=ORIENTED_EDGE('',*,*,#2079,.F.);
#1217=ORIENTED_EDGE('',*,*,#2080,.F.);
#1218=ORIENTED_EDGE('',*,*,#2076,.T.);
#1219=CARTESIAN_POINT('',(-125.0,10.0,0.0));
#1220=DIRECTION('',(-1.0,-0.0,0.0));
#1221=DIRECTION('',(0.0,-1.0,-0.0));
#1222=ORIENTED_EDGE('',*,*,#2081,.T.);
#1223=ORIENTED_EDGE('',*,*,#2082,.F.);
#1224=ORIENTED_EDGE('',*,*,#2083,.F.);
#1225=ORIENTED_EDGE('',*,*,#2079,.T.);
#1226=CARTESIAN_POINT('',(-124.5,19.5,0.0));
#1227=DIRECTION('',(-0.707106781186547,0.707106781186547,0.0));
#1228=DIRECTION('',(-0.707106781186548,-0.707106781186548,-0.0));
#1229=ORIENTED_EDGE('',*,*,#2084,.T.);
#1230=ORIENTED_EDGE('',*,*,#2085,.F.);
#1231=ORIENTED_EDGE('',*,*,#2086,.F.);
#1232=ORIENTED_EDGE('',*,*,#2082,.T.);
#1233=CARTESIAN_POINT('',(-120.775,20.0,0.0));
#1234=DIRECTION('',(0.0,1.0,0.0));
#1235=DIRECTION('',(-1.0,0.0,0.0));
#1236=ORIENTED_EDGE('',*,*,#2087,.T.);
#1237=ORIENTED_EDGE('',*,*,#2088,.F.);
#1238=ORIENTED_EDGE('',*,*,#2089,.T.);
#1239=ORIENTED_EDGE('',*,*,#2085,.T.);
#1240=CARTESIAN_POINT('',(-117.05,19.5,0.0));
#1241=DIRECTION('',(0.707106781186547,0.707106781186547,-0.0));
#1242=DIRECTION('',(-0.707106781186548,0.707106781186548,0.0));
#1243=ORIENTED_EDGE('',*,*,#2090,.T.);
#1244=ORIENTED_EDGE('',*,*,#2091,.F.);
#1245=ORIENTED_EDGE('',*,*,#2092,.T.);
#1246=ORIENTED_EDGE('',*,*,#2088,.T.);
#1247=CARTESIAN_POINT('',(-116.55,17.0,0.0));
#1248=DIRECTION('',(1.0,0.0,0.0));
#1249=DIRECTION('',(0.0,1.0,0.0));
#1250=ORIENTED_EDGE('',*,*,#2093,.T.);
#1251=ORIENTED_EDGE('',*,*,#2094,.F.);
#1252=ORIENTED_EDGE('',*,*,#2095,.T.);
#1253=ORIENTED_EDGE('',*,*,#2091,.T.);
#1254=CARTESIAN_POINT('',(-118.15,15.0,0.0));
#1255=DIRECTION('',(0.0,-1.0,0.0));
#1256=DIRECTION('',(1.0,0.0,0.0));
#1257=ORIENTED_EDGE('',*,*,#2096,.T.);
#1258=ORIENTED_EDGE('',*,*,#2097,.F.);
#1259=ORIENTED_EDGE('',*,*,#2098,.T.);
#1260=ORIENTED_EDGE('',*,*,#2094,.T.);
#1261=CARTESIAN_POINT('',(-119.75,11.5,0.0));
#1262=DIRECTION('',(1.0,0.0,0.0));
#1263=DIRECTION('',(0.0,1.0,0.0));
#1264=ORIENTED_EDGE('',*,*,#2099,.T.);
#1265=ORIENTED_EDGE('',*,*,#2100,.F.);
#1266=ORIENTED_EDGE('',*,*,#2101,.T.);
#1267=ORIENTED_EDGE('',*,*,#2097,.T.);
#1268=CARTESIAN_POINT('',(-112.5,8.0,0.0));
#1269=DIRECTION('',(0.0,1.0,-0.0));
#1270=DIRECTION('',(-1.0,0.0,0.0));
#1271=ORIENTED_EDGE('',*,*,#2102,.T.);
#1272=ORIENTED_EDGE('',*,*,#2103,.F.);
#1273=ORIENTED_EDGE('',*,*,#2104,.T.);
#1274=ORIENTED_EDGE('',*,*,#2100,.T.);
#1275=CARTESIAN_POINT('',(-105.25,11.5,0.0));
#1276=DIRECTION('',(-1.0,0.0,0.0));
#1277=DIRECTION('',(0.0,-1.0,0.0));
#1278=ORIENTED_EDGE('',*,*,#2105,.T.);
#1279=ORIENTED_EDGE('',*,*,#2106,.F.);
#1280=ORIENTED_EDGE('',*,*,#2107,.T.);
#1281=ORIENTED_EDGE('',*,*,#2103,.T.);
#1282=CARTESIAN_POINT('',(-106.85,15.0,0.0));
#1283=DIRECTION('',(0.0,-1.0,0.0));
#1284=DIRECTION('',(1.0,0.0,0.0));
#1285=ORIENTED_EDGE('',*,*,#2108,.T.);
#1286=ORIENTED_EDGE('',*,*,#2109,.F.);
#1287=ORIENTED_EDGE('',*,*,#2110,.T.);
#1288=ORIENTED_EDGE('',*,*,#2106,.T.);
#1289=CARTESIAN_POINT('',(-108.45,17.0,0.0));
#1290=DIRECTION('',(-1.0,0.0,0.0));
#1291=DIRECTION('',(0.0,-1.0,0.0));
#1292=ORIENTED_EDGE('',*,*,#2111,.T.);
#1293=ORIENTED_EDGE('',*,*,#2112,.F.);
#1294=ORIENTED_EDGE('',*,*,#2113,.T.);
#1295=ORIENTED_EDGE('',*,*,#2109,.T.);
#1296=CARTESIAN_POINT('',(-107.95,19.5,0.0));
#1297=DIRECTION('',(-0.707106781186547,0.707106781186547,0.0));
#1298=DIRECTION('',(-0.707106781186548,-0.707106781186548,0.0));
#1299=ORIENTED_EDGE('',*,*,#2114,.T.);
#1300=ORIENTED_EDGE('',*,*,#2115,.F.);
#1301=ORIENTED_EDGE('',*,*,#2116,.F.);
#1302=ORIENTED_EDGE('',*,*,#2112,.T.);
#1303=CARTESIAN_POINT('',(-100.0,20.0,0.0));
#1304=DIRECTION('',(0.0,1.0,0.0));
#1305=DIRECTION('',(-1.0,0.0,0.0));
#1306=ORIENTED_EDGE('',*,*,#2117,.T.);
#1307=ORIENTED_EDGE('',*,*,#2118,.F.);
#1308=ORIENTED_EDGE('',*,*,#2119,.T.);
#1309=ORIENTED_EDGE('',*,*,#2115,.T.);
#1310=CARTESIAN_POINT('',(-92.05,19.5,0.0));
#1311=DIRECTION('',(0.707106781186547,0.707106781186547,-0.0));
#1312=DIRECTION('',(-0.707106781186548,0.707106781186548,0.0));
#1313=ORIENTED_EDGE('',*,*,#2120,.T.);
#1314=ORIENTED_EDGE('',*,*,#2121,.F.);
#1315=ORIENTED_EDGE('',*,*,#2122,.T.);
#1316=ORIENTED_EDGE('',*,*,#2118,.T.);
#1317=CARTESIAN_POINT('',(-91.55,17.0,0.0));
#1318=DIRECTION('',(1.0,0.0,0.0));
#1319=DIRECTION('',(0.0,1.0,0.0));
#1320=ORIENTED_EDGE('',*,*,#2123,.T.);
#1321=ORIENTED_EDGE('',*,*,#2124,.F.);
#1322=ORIENTED_EDGE('',*,*,#2125,.T.);
#1323=ORIENTED_EDGE('',*,*,#2121,.T.);
#1324=CARTESIAN_POINT('',(-93.15,15.0,0.0));
#1325=DIRECTION('',(0.0,-1.0,0.0));
#1326=DIRECTION('',(1.0,0.0,0.0));
#1327=ORIENTED_EDGE('',*,*,#2126,.T.);
#1328=ORIENTED_EDGE('',*,*,#2127,.F.);
#1329=ORIENTED_EDGE('',*,*,#2128,.T.);
#1330=ORIENTED_EDGE('',*,*,#2124,.T.);
#1331=CARTESIAN_POINT('',(-94.75,11.5,0.0));
#1332=DIRECTION('',(1.0,0.0,0.0));
#1333=DIRECTION('',(0.0,1.0,0.0));
#1334=ORIENTED_EDGE('',*,*,#2129,.T.);
#1335=ORIENTED_EDGE('',*,*,#2130,.F.);
#1336=ORIENTED_EDGE('',*,*,#2131,.T.);
#1337=ORIENTED_EDGE('',*,*,#2127,.T.);
#1338=CARTESIAN_POINT('',(-87.5,8.0,0.0));
#1339=DIRECTION('',(0.0,1.0,-0.0));
#1340=DIRECTION('',(-1.0,0.0,0.0));
#1341=ORIENTED_EDGE('',*,*,#2132,.T.);
#1342=ORIENTED_EDGE('',*,*,#2133,.F.);
#1343=ORIENTED_EDGE('',*,*,#2134,.T.);
#1344=ORIENTED_EDGE('',*,*,#2130,.T.);
#1345=CARTESIAN_POINT('',(-80.25,11.5,0.0));
#1346=DIRECTION('',(-1.0,0.0,0.0));
#1347=DIRECTION('',(0.0,-1.0,0.0));
#1348=ORIENTED_EDGE('',*,*,#2135,.T.);
#1349=ORIENTED_EDGE('',*,*,#2136,.F.);
#1350=ORIENTED_EDGE('',*,*,#2137,.T.);
#1351=ORIENTED_EDGE('',*,*,#2133,.T.);
#1352=CARTESIAN_POINT('',(-81.85,15.0,0.0));
#1353=DIRECTION('',(0.0,-1.0,0.0));
#1354=DIRECTION('',(1.0,0.0,0.0));
#1355=ORIENTED_EDGE('',*,*,#2138,.T.);
#1356=ORIENTED_EDGE('',*,*,#2139,.F.);
#1357=ORIENTED_EDGE('',*,*,#2140,.T.);
#1358=ORIENTED_EDGE('',*,*,#2136,.T.);
#1359=CARTESIAN_POINT('',(-83.45,17.0,0.0));
#1360=DIRECTION('',(-1.0,0.0,0.0));
#1361=DIRECTION('',(0.0,-1.0,0.0));
#1362=ORIENTED_EDGE('',*,*,#2141,.T.);
#1363=ORIENTED_EDGE('',*,*,#2142,.F.);
#1364=ORIENTED_EDGE('',*,*,#2143,.T.);
#1365=ORIENTED_EDGE('',*,*,#2139,.T.);
#1366=CARTESIAN_POINT('',(-82.95,19.5,0.0));
#1367=DIRECTION('',(-0.707106781186547,0.707106781186547,0.0));
#1368=DIRECTION('',(-0.707106781186548,-0.707106781186548,0.0));
#1369=ORIENTED_EDGE('',*,*,#2144,.T.);
#1370=ORIENTED_EDGE('',*,*,#2145,.F.);
#1371=ORIENTED_EDGE('',*,*,#2146,.F.);
#1372=ORIENTED_EDGE('',*,*,#2142,.T.);
#1373=CARTESIAN_POINT('',(-75.0,20.0,0.0));
#1374=DIRECTION('',(0.0,1.0,0.0));
#1375=DIRECTION('',(-1.0,0.0,0.0));
#1376=ORIENTED_EDGE('',*,*,#2147,.T.);
#1377=ORIENTED_EDGE('',*,*,#2148,.F.);
#1378=ORIENTED_EDGE('',*,*,#2149,.T.);
#1379=ORIENTED_EDGE('',*,*,#2145,.T.);
#1380=CARTESIAN_POINT('',(-67.05,19.5,0.0));
#1381=DIRECTION('',(0.707106781186547,0.707106781186547,-0.0));
#1382=DIRECTION('',(-0.707106781186548,0.707106781186548,0.0));
#1383=ORIENTED_EDGE('',*,*,#2150,.T.);
#1384=ORIENTED_EDGE('',*,*,#2151,.F.);
#1385=ORIENTED_EDGE('',*,*,#2152,.T.);
#1386=ORIENTED_EDGE('',*,*,#2148,.T.);
#1387=CARTESIAN_POINT('',(-66.55,17.0,0.0));
#1388=DIRECTION('',(1.0,0.0,0.0));
#1389=DIRECTION('',(0.0,1.0,0.0));
#1390=ORIENTED_EDGE('',*,*,#2153,.T.);
#1391=ORIENTED_EDGE('',*,*,#2154,.F.);
#1392=ORIENTED_EDGE('',*,*,#2155,.T.);
#1393=ORIENTED_EDGE('',*,*,#2151,.T.);
#1394=CARTESIAN_POINT('',(-68.15,15.0,0.0));
#1395=DIRECTION('',(0.0,-1.0,0.0));
#1396=DIRECTION('',(1.0,0.0,0.0));
#1397=ORIENTED_EDGE('',*,*,#2156,.T.);
#1398=ORIENTED_EDGE('',*,*,#2157,.F.);
#1399=ORIENTED_EDGE('',*,*,#2158,.T.);
#1400=ORIENTED_EDGE('',*,*,#2154,.T.);
#1401=CARTESIAN_POINT('',(-69.75,11.5,0.0));
#1402=DIRECTION('',(1.0,0.0,0.0));
#1403=DIRECTION('',(0.0,1.0,0.0));
#1404=ORIENTED_EDGE('',*,*,#2159,.T.);
#1405=ORIENTED_EDGE('',*,*,#2160,.F.);
#1406=ORIENTED_EDGE('',*,*,#2161,.T.);
#1407=ORIENTED_EDGE('',*,*,#2157,.T.);
#1408=CARTESIAN_POINT('',(-62.5,8.0,0.0));
#1409=DIRECTION('',(0.0,1.0,-0.0));
#1410=DIRECTION('',(-1.0,0.0,0.0));
#1411=ORIENTED_EDGE('',*,*,#2162,.T.);
#1412=ORIENTED_EDGE('',*,*,#2163,.F.);
#1413=ORIENTED_EDGE('',*,*,#2164,.T.);
#1414=ORIENTED_EDGE('',*,*,#2160,.T.);
#1415=CARTESIAN_POINT('',(-55.25,11.5,0.0));
#1416=DIRECTION('',(-1.0,0.0,0.0));
#1417=DIRECTION('',(0.0,-1.0,0.0));
#1418=ORIENTED_EDGE('',*,*,#2165,.T.);
#1419=ORIENTED_EDGE('',*,*,#2166,.F.);
#1420=ORIENTED_EDGE('',*,*,#2167,.T.);
#1421=ORIENTED_EDGE('',*,*,#2163,.T.);
#1422=CARTESIAN_POINT('',(-56.85,15.0,0.0));
#1423=DIRECTION('',(0.0,-1.0,0.0));
#1424=DIRECTION('',(1.0,0.0,0.0));
#1425=ORIENTED_EDGE('',*,*,#2168,.T.);
#1426=ORIENTED_EDGE('',*,*,#2169,.F.);
#1427=ORIENTED_EDGE('',*,*,#2170,.T.);
#1428=ORIENTED_EDGE('',*,*,#2166,.T.);
#1429=CARTESIAN_POINT('',(-58.45,17.0,0.0));
#1430=DIRECTION('',(-1.0,0.0,0.0));
#1431=DIRECTION('',(0.0,-1.0,0.0));
#1432=ORIENTED_EDGE('',*,*,#2171,.T.);
#1433=ORIENTED_EDGE('',*,*,#2172,.F.);
#1434=ORIENTED_EDGE('',*,*,#2173,.T.);
#1435=ORIENTED_EDGE('',*,*,#2169,.T.);
#1436=CARTESIAN_POINT('',(-57.95,19.5,0.0));
#1437=DIRECTION('',(-0.707106781186547,0.707106781186547,0.0));
#1438=DIRECTION('',(-0.707106781186548,-0.707106781186548,0.0));
#1439=ORIENTED_EDGE('',*,*,#2174,.T.);
#1440=ORIENTED_EDGE('',*,*,#2175,.F.);
#1441=ORIENTED_EDGE('',*,*,#2176,.F.);
#1442=ORIENTED_EDGE('',*,*,#2172,.T.);
#1443=CARTESIAN_POINT('',(-50.0,20.0,0.0));
#1444=DIRECTION('',(0.0,1.0,0.0));
#1445=DIRECTION('',(-1.0,0.0,0.0));
#1446=ORIENTED_EDGE('',*,*,#2177,.T.);
#1447=ORIENTED_EDGE('',*,*,#2178,.F.);
#1448=ORIENTED_EDGE('',*,*,#2179,.T.);
#1449=ORIENTED_EDGE('',*,*,#2175,.T.);
#1450=CARTESIAN_POINT('',(-42.05,19.5,0.0));
#1451=DIRECTION('',(0.707106781186547,0.707106781186547,-0.0));
#1452=DIRECTION('',(-0.707106781186548,0.707106781186548,0.0));
#1453=ORIENTED_EDGE('',*,*,#2180,.T.);
#1454=ORIENTED_EDGE('',*,*,#2181,.F.);
#1455=ORIENTED_EDGE('',*,*,#2182,.T.);
#1456=ORIENTED_EDGE('',*,*,#2178,.T.);
#1457=CARTESIAN_POINT('',(-41.55,17.0,0.0));
#1458=DIRECTION('',(1.0,0.0,0.0));
#1459=DIRECTION('',(0.0,1.0,0.0));
#1460=ORIENTED_EDGE('',*,*,#2183,.T.);
#1461=ORIENTED_EDGE('',*,*,#2184,.F.);
#1462=ORIENTED_EDGE('',*,*,#2185,.T.);
#1463=ORIENTED_EDGE('',*,*,#2181,.T.);
#1464=CARTESIAN_POINT('',(-43.15,15.0,0.0));
#1465=DIRECTION('',(0.0,-1.0,0.0));
#1466=DIRECTION('',(1.0,0.0,0.0));
#1467=ORIENTED_EDGE('',*,*,#2186,.T.);
#1468=ORIENTED_EDGE('',*,*,#2187,.F.);
#1469=ORIENTED_EDGE('',*,*,#2188,.T.);
#1470=ORIENTED_EDGE('',*,*,#2184,.T.);
#1471=CARTESIAN_POINT('',(-44.75,11.5,0.0));
#1472=DIRECTION('',(1.0,0.0,0.0));
#1473=DIRECTION('',(0.0,1.0,0.0));
#1474=ORIENTED_EDGE('',*,*,#2189,.T.);
#1475=ORIENTED_EDGE('',*,*,#2190,.F.);
#1476=ORIENTED_EDGE('',*,*,#2191,.T.);
#1477=ORIENTED_EDGE('',*,*,#2187,.T.);
#1478=CARTESIAN_POINT('',(-37.5,8.0,0.0));
#1479=DIRECTION('',(0.0,1.0,-0.0));
#1480=DIRECTION('',(-1.0,0.0,0.0));
#1481=ORIENTED_EDGE('',*,*,#2192,.T.);
#1482=ORIENTED_EDGE('',*,*,#2193,.F.);
#1483=ORIENTED_EDGE('',*,*,#2194,.T.);
#1484=ORIENTED_EDGE('',*,*,#2190,.T.);
#1485=CARTESIAN_POINT('',(-30.25,11.5,0.0));
#1486=DIRECTION('',(-1.0,0.0,0.0));
#1487=DIRECTION('',(0.0,-1.0,0.0));
#1488=ORIENTED_EDGE('',*,*,#2195,.T.);
#1489=ORIENTED_EDGE('',*,*,#2196,.F.);
#1490=ORIENTED_EDGE('',*,*,#2197,.T.);
#1491=ORIENTED_EDGE('',*,*,#2193,.T.);
#1492=CARTESIAN_POINT('',(-31.85,15.0,0.0));
#1493=DIRECTION('',(0.0,-1.0,0.0));
#1494=DIRECTION('',(1.0,0.0,0.0));
#1495=ORIENTED_EDGE('',*,*,#2198,.T.);
#1496=ORIENTED_EDGE('',*,*,#2199,.F.);
#1497=ORIENTED_EDGE('',*,*,#2200,.T.);
#1498=ORIENTED_EDGE('',*,*,#2196,.T.);
#1499=CARTESIAN_POINT('',(-33.45,17.0,0.0));
#1500=DIRECTION('',(-1.0,0.0,0.0));
#1501=DIRECTION('',(0.0,-1.0,0.0));
#1502=ORIENTED_EDGE('',*,*,#2201,.T.);
#1503=ORIENTED_EDGE('',*,*,#2202,.F.);
#1504=ORIENTED_EDGE('',*,*,#2203,.T.);
#1505=ORIENTED_EDGE('',*,*,#2199,.T.);
#1506=CARTESIAN_POINT('',(-32.95,19.5,0.0));
#1507=DIRECTION('',(-0.707106781186547,0.707106781186547,0.0));
#1508=DIRECTION('',(-0.707106781186548,-0.707106781186548,0.0));
#1509=ORIENTED_EDGE('',*,*,#2204,.T.);
#1510=ORIENTED_EDGE('',*,*,#2205,.F.);
#1511=ORIENTED_EDGE('',*,*,#2206,.F.);
#1512=ORIENTED_EDGE('',*,*,#2202,.T.);
#1513=CARTESIAN_POINT('',(-25.0,20.0,0.0));
#1514=DIRECTION('',(0.0,1.0,0.0));
#1515=DIRECTION('',(-1.0,0.0,0.0));
#1516=ORIENTED_EDGE('',*,*,#2207,.T.);
#1517=ORIENTED_EDGE('',*,*,#2208,.F.);
#1518=ORIENTED_EDGE('',*,*,#2209,.T.);
#1519=ORIENTED_EDGE('',*,*,#2205,.T.);
#1520=CARTESIAN_POINT('',(-17.05,19.5,0.0));
#1521=DIRECTION('',(0.707106781186547,0.707106781186547,-0.0));
#1522=DIRECTION('',(-0.707106781186548,0.707106781186548,0.0));
#1523=ORIENTED_EDGE('',*,*,#2210,.T.);
#1524=ORIENTED_EDGE('',*,*,#2211,.F.);
#1525=ORIENTED_EDGE('',*,*,#2212,.T.);
#1526=ORIENTED_EDGE('',*,*,#2208,.T.);
#1527=CARTESIAN_POINT('',(-16.55,17.0,0.0));
#1528=DIRECTION('',(1.0,0.0,0.0));
#1529=DIRECTION('',(0.0,1.0,0.0));
#1530=ORIENTED_EDGE('',*,*,#2213,.T.);
#1531=ORIENTED_EDGE('',*,*,#2214,.F.);
#1532=ORIENTED_EDGE('',*,*,#2215,.T.);
#1533=ORIENTED_EDGE('',*,*,#2211,.T.);
#1534=CARTESIAN_POINT('',(-18.15,15.0,0.0));
#1535=DIRECTION('',(0.0,-1.0,0.0));
#1536=DIRECTION('',(1.0,0.0,0.0));
#1537=ORIENTED_EDGE('',*,*,#2216,.T.);
#1538=ORIENTED_EDGE('',*,*,#2217,.F.);
#1539=ORIENTED_EDGE('',*,*,#2218,.T.);
#1540=ORIENTED_EDGE('',*,*,#2214,.T.);
#1541=CARTESIAN_POINT('',(-19.75,11.5,0.0));
#1542=DIRECTION('',(1.0,0.0,0.0));
#1543=DIRECTION('',(0.0,1.0,0.0));
#1544=ORIENTED_EDGE('',*,*,#2219,.T.);
#1545=ORIENTED_EDGE('',*,*,#2220,.F.);
#1546=ORIENTED_EDGE('',*,*,#2221,.T.);
#1547=ORIENTED_EDGE('',*,*,#2217,.T.);
#1548=CARTESIAN_POINT('',(-12.5,8.0,0.0));
#1549=DIRECTION('',(0.0,1.0,-0.0));
#1550=DIRECTION('',(-1.0,0.0,0.0));
#1551=ORIENTED_EDGE('',*,*,#2222,.T.);
#1552=ORIENTED_EDGE('',*,*,#2223,.F.);
#1553=ORIENTED_EDGE('',*,*,#2224,.T.);
#1554=ORIENTED_EDGE('',*,*,#2220,.T.);
#1555=CARTESIAN_POINT('',(-5.25,11.5,0.0));
#1556=DIRECTION('',(-1.0,0.0,0.0));
#1557=DIRECTION('',(0.0,-1.0,0.0));
#1558=ORIENTED_EDGE('',*,*,#2225,.T.);
#1559=ORIENTED_EDGE('',*,*,#2226,.F.);
#1560=ORIENTED_EDGE('',*,*,#2227,.T.);
#1561=ORIENTED_EDGE('',*,*,#2223,.T.);
#1562=CARTESIAN_POINT('',(-6.84999999999999,15.0,0.0));
#1563=DIRECTION('',(0.0,-1.0,0.0));
#1564=DIRECTION('',(1.0,0.0,0.0));
#1565=ORIENTED_EDGE('',*,*,#2228,.T.);
#1566=ORIENTED_EDGE('',*,*,#2229,.F.);
#1567=ORIENTED_EDGE('',*,*,#2230,.T.);
#1568=ORIENTED_EDGE('',*,*,#2226,.T.);
#1569=CARTESIAN_POINT('',(-8.44999999999999,17.0,0.0));
#1570=DIRECTION('',(-1.0,0.0,0.0));
#1571=DIRECTION('',(0.0,-1.0,0.0));
#1572=ORIENTED_EDGE('',*,*,#2231,.T.);
#1573=ORIENTED_EDGE('',*,*,#2232,.F.);
#1574=ORIENTED_EDGE('',*,*,#2233,.T.);
#1575=ORIENTED_EDGE('',*,*,#2229,.T.);
#1576=CARTESIAN_POINT('',(-7.94999999999999,19.5,0.0));
#1577=DIRECTION('',(-0.707106781186547,0.707106781186547,0.0));
#1578=DIRECTION('',(-0.707106781186548,-0.707106781186548,0.0));
#1579=ORIENTED_EDGE('',*,*,#2234,.T.);
#1580=ORIENTED_EDGE('',*,*,#2235,.F.);
#1581=ORIENTED_EDGE('',*,*,#2236,.T.);
#1582=ORIENTED_EDGE('',*,*,#2232,.T.);
#1583=CARTESIAN_POINT('',(1.4210854715202E-14,20.0,0.0));
#1584=DIRECTION('',(0.0,1.0,-0.0));
#1585=DIRECTION('',(-1.0,0.0,0.0));
#1586=ORIENTED_EDGE('',*,*,#2237,.T.);
#1587=ORIENTED_EDGE('',*,*,#1858,.F.);
#1588=ORIENTED_EDGE('',*,*,#2238,.F.);
#1589=ORIENTED_EDGE('',*,*,#2235,.T.);
#1590=CARTESIAN_POINT('',(7.95000000000002,19.5,0.0));
#1591=DIRECTION('',(0.707106781186547,0.707106781186547,-0.0));
#1592=DIRECTION('',(-0.707106781186548,0.707106781186548,0.0));
#1593=ORIENTED_EDGE('',*,*,#1855,.F.);
#1594=ORIENTED_EDGE('',*,*,#2237,.F.);
#1595=ORIENTED_EDGE('',*,*,#2234,.F.);
#1596=ORIENTED_EDGE('',*,*,#2231,.F.);
#1597=ORIENTED_EDGE('',*,*,#2228,.F.);
#1598=ORIENTED_EDGE('',*,*,#2225,.F.);
#1599=ORIENTED_EDGE('',*,*,#2222,.F.);
#1600=ORIENTED_EDGE('',*,*,#2219,.F.);
#1601=ORIENTED_EDGE('',*,*,#2216,.F.);
#1602=ORIENTED_EDGE('',*,*,#2213,.F.);
#1603=ORIENTED_EDGE('',*,*,#2210,.F.);
#1604=ORIENTED_EDGE('',*,*,#2207,.F.);
#1605=ORIENTED_EDGE('',*,*,#2204,.F.);
#1606=ORIENTED_EDGE('',*,*,#2201,.F.);
#1607=ORIENTED_EDGE('',*,*,#2198,.F.);
#1608=ORIENTED_EDGE('',*,*,#2195,.F.);
#1609=ORIENTED_EDGE('',*,*,#2192,.F.);
#1610=ORIENTED_EDGE('',*,*,#2189,.F.);
#1611=ORIENTED_EDGE('',*,*,#2186,.F.);
#1612=ORIENTED_EDGE('',*,*,#2183,.F.);
#1613=ORIENTED_EDGE('',*,*,#2180,.F.);
#1614=ORIENTED_EDGE('',*,*,#2177,.F.);
#1615=ORIENTED_EDGE('',*,*,#2174,.F.);
#1616=ORIENTED_EDGE('',*,*,#2171,.F.);
#1617=ORIENTED_EDGE('',*,*,#2168,.F.);
#1618=ORIENTED_EDGE('',*,*,#2165,.F.);
#1619=ORIENTED_EDGE('',*,*,#2162,.F.);
#1620=ORIENTED_EDGE('',*,*,#2159,.F.);
#1621=ORIENTED_EDGE('',*,*,#2156,.F.);
#1622=ORIENTED_EDGE('',*,*,#2153,.F.);
#1623=ORIENTED_EDGE('',*,*,#2150,.F.);
#1624=ORIENTED_EDGE('',*,*,#2147,.F.);
#1625=ORIENTED_EDGE('',*,*,#2144,.F.);
#1626=ORIENTED_EDGE('',*,*,#2141,.F.);
#1627=ORIENTED_EDGE('',*,*,#2138,.F.);
#1628=ORIENTED_EDGE('',*,*,#2135,.F.);
#1629=ORIENTED_EDGE('',*,*,#2132,.F.);
#1630=ORIENTED_EDGE('',*,*,#2129,.F.);
#1631=ORIENTED_EDGE('',*,*,#2126,.F.);
#1632=ORIENTED_EDGE('',*,*,#2123,.F.);
#1633=ORIENTED_EDGE('',*,*,#2120,.F.);
#1634=ORIENTED_EDGE('',*,*,#2117,.F.);
#1635=ORIENTED_EDGE('',*,*,#2114,.F.);
#1636=ORIENTED_EDGE('',*,*,#2111,.F.);
#1637=ORIENTED_EDGE('',*,*,#2108,.F.);
#1638=ORIENTED_EDGE('',*,*,#2105,.F.);
#1639=ORIENTED_EDGE('',*,*,#2102,.F.);
#1640=ORIENTED_EDGE('',*,*,#2099,.F.);
#1641=ORIENTED_EDGE('',*,*,#2096,.F.);
#1642=ORIENTED_EDGE('',*,*,#2093,.F.);
#1643=ORIENTED_EDGE('',*,*,#2090,.F.);
#1644=ORIENTED_EDGE('',*,*,#2087,.F.);
#1645=ORIENTED_EDGE('',*,*,#2084,.F.);
#1646=ORIENTED_EDGE('',*,*,#2081,.F.);
#1647=ORIENTED_EDGE('',*,*,#2078,.F.);
#1648=ORIENTED_EDGE('',*,*,#2075,.F.);
#1649=ORIENTED_EDGE('',*,*,#2072,.F.);
#1650=ORIENTED_EDGE('',*,*,#2069,.F.);
#1651=ORIENTED_EDGE('',*,*,#2066,.F.);
#1652=ORIENTED_EDGE('',*,*,#2063,.F.);
#1653=ORIENTED_EDGE('',*,*,#2060,.F.);
#1654=ORIENTED_EDGE('',*,*,#2057,.F.);
#1655=ORIENTED_EDGE('',*,*,#2054,.F.);
#1656=ORIENTED_EDGE('',*,*,#2051,.F.);
#1657=ORIENTED_EDGE('',*,*,#2048,.F.);
#1658=ORIENTED_EDGE('',*,*,#2045,.F.);
#1659=ORIENTED_EDGE('',*,*,#2042,.F.);
#1660=ORIENTED_EDGE('',*,*,#2039,.F.);
#1661=ORIENTED_EDGE('',*,*,#2036,.F.);
#1662=ORIENTED_EDGE('',*,*,#2033,.F.);
#1663=ORIENTED_EDGE('',*,*,#2030,.F.);
#1664=ORIENTED_EDGE('',*,*,#2027,.F.);
#1665=ORIENTED_EDGE('',*,*,#2024,.F.);
#1666=ORIENTED_EDGE('',*,*,#2021,.F.);
#1667=ORIENTED_EDGE('',*,*,#2018,.F.);
#1668=ORIENTED_EDGE('',*,*,#2015,.F.);
#1669=ORIENTED_EDGE('',*,*,#2012,.F.);
#1670=ORIENTED_EDGE('',*,*,#2009,.F.);
#1671=ORIENTED_EDGE('',*,*,#2006,.F.);
#1672=ORIENTED_EDGE('',*,*,#2003,.F.);
#1673=ORIENTED_EDGE('',*,*,#2000,.F.);
#1674=ORIENTED_EDGE('',*,*,#1997,.F.);
#1675=ORIENTED_EDGE('',*,*,#1994,.F.);
#1676=ORIENTED_EDGE('',*,*,#1991,.F.);
#1677=ORIENTED_EDGE('',*,*,#1988,.F.);
#1678=ORIENTED_EDGE('',*,*,#1985,.F.);
#1679=ORIENTED_EDGE('',*,*,#1982,.F.);
#1680=ORIENTED_EDGE('',*,*,#1979,.F.);
#1681=ORIENTED_EDGE('',*,*,#1976,.F.);
#1682=ORIENTED_EDGE('',*,*,#1973,.F.);
#1683=ORIENTED_EDGE('',*,*,#1970,.F.);
#1684=ORIENTED_EDGE('',*,*,#1967,.F.);
#1685=ORIENTED_EDGE('',*,*,#1964,.F.);
#1686=ORIENTED_EDGE('',*,*,#1961,.F.);
#1687=ORIENTED_EDGE('',*,*,#1958,.F.);
#1688=ORIENTED_EDGE('',*,*,#1955,.F.);
#1689=ORIENTED_EDGE('',*,*,#1952,.F.);
#1690=ORIENTED_EDGE('',*,*,#1949,.F.);
#1691=ORIENTED_EDGE('',*,*,#1946,.F.);
#1692=ORIENTED_EDGE('',*,*,#1943,.F.);
#1693=ORIENTED_EDGE('',*,*,#1940,.F.);
#1694=ORIENTED_EDGE('',*,*,#1937,.F.);
#1695=ORIENTED_EDGE('',*,*,#1934,.F.);
#1696=ORIENTED_EDGE('',*,*,#1931,.F.);
#1697=ORIENTED_EDGE('',*,*,#1928,.F.);
#1698=ORIENTED_EDGE('',*,*,#1925,.F.);
#1699=ORIENTED_EDGE('',*,*,#1922,.F.);
#1700=ORIENTED_EDGE('',*,*,#1919,.F.);
#1701=ORIENTED_EDGE('',*,*,#1916,.F.);
#1702=ORIENTED_EDGE('',*,*,#1913,.F.);
#1703=ORIENTED_EDGE('',*,*,#1910,.F.);
#1704=ORIENTED_EDGE('',*,*,#1907,.F.);
#1705=ORIENTED_EDGE('',*,*,#1904,.F.);
#1706=ORIENTED_EDGE('',*,*,#1901,.F.);
#1707=ORIENTED_EDGE('',*,*,#1898,.F.);
#1708=ORIENTED_EDGE('',*,*,#1895,.F.);
#1709=ORIENTED_EDGE('',*,*,#1892,.F.);
#1710=ORIENTED_EDGE('',*,*,#1889,.F.);
#1711=ORIENTED_EDGE('',*,*,#1886,.F.);
#1712=ORIENTED_EDGE('',*,*,#1883,.F.);
#1713=ORIENTED_EDGE('',*,*,#1880,.F.);
#1714=ORIENTED_EDGE('',*,*,#1877,.F.);
#1715=ORIENTED_EDGE('',*,*,#1874,.F.);
#1716=ORIENTED_EDGE('',*,*,#1871,.F.);
#1717=ORIENTED_EDGE('',*,*,#1868,.F.);
#1718=ORIENTED_EDGE('',*,*,#1865,.F.);
#1719=ORIENTED_EDGE('',*,*,#1862,.F.);
#1720=ORIENTED_EDGE('',*,*,#1859,.F.);
#1721=CARTESIAN_POINT('',(-8.22952817003397E-15,10.030526371077,1000.0));
#1722=DIRECTION('',(0.0,0.0,1.0));
#1723=DIRECTION('',(1.0,0.0,0.0));
#1724=ORIENTED_EDGE('',*,*,#2238,.T.);
#1725=ORIENTED_EDGE('',*,*,#1857,.T.);
#1726=ORIENTED_EDGE('',*,*,#1861,.T.);
#1727=ORIENTED_EDGE('',*,*,#1864,.T.);
#1728=ORIENTED_EDGE('',*,*,#1867,.T.);
#1729=ORIENTED_EDGE('',*,*,#1870,.T.);
#1730=ORIENTED_EDGE('',*,*,#1873,.T.);
#1731=ORIENTED_EDGE('',*,*,#1876,.T.);
#1732=ORIENTED_EDGE('',*,*,#1879,.T.);
#1733=ORIENTED_EDGE('',*,*,#1882,.F.);
#1734=ORIENTED_EDGE('',*,*,#1885,.T.);
#1735=ORIENTED_EDGE('',*,*,#1888,.T.);
#1736=ORIENTED_EDGE('',*,*,#1891,.T.);
#1737=ORIENTED_EDGE('',*,*,#1894,.T.);
#1738=ORIENTED_EDGE('',*,*,#1897,.T.);
#1739=ORIENTED_EDGE('',*,*,#1900,.T.);
#1740=ORIENTED_EDGE('',*,*,#1903,.T.);
#1741=ORIENTED_EDGE('',*,*,#1906,.T.);
#1742=ORIENTED_EDGE('',*,*,#1909,.T.);
#1743=ORIENTED_EDGE('',*,*,#1912,.F.);
#1744=ORIENTED_EDGE('',*,*,#1915,.T.);
#1745=ORIENTED_EDGE('',*,*,#1918,.T.);
#1746=ORIENTED_EDGE('',*,*,#1921,.T.);
#1747=ORIENTED_EDGE('',*,*,#1924,.T.);
#1748=ORIENTED_EDGE('',*,*,#1927,.T.);
#1749=ORIENTED_EDGE('',*,*,#1930,.T.);
#1750=ORIENTED_EDGE('',*,*,#1933,.T.);
#1751=ORIENTED_EDGE('',*,*,#1936,.T.);
#1752=ORIENTED_EDGE('',*,*,#1939,.T.);
#1753=ORIENTED_EDGE('',*,*,#1942,.F.);
#1754=ORIENTED_EDGE('',*,*,#1945,.T.);
#1755=ORIENTED_EDGE('',*,*,#1948,.T.);
#1756=ORIENTED_EDGE('',*,*,#1951,.T.);
#1757=ORIENTED_EDGE('',*,*,#1954,.T.);
#1758=ORIENTED_EDGE('',*,*,#1957,.T.);
#1759=ORIENTED_EDGE('',*,*,#1960,.T.);
#1760=ORIENTED_EDGE('',*,*,#1963,.T.);
#1761=ORIENTED_EDGE('',*,*,#1966,.T.);
#1762=ORIENTED_EDGE('',*,*,#1969,.T.);
#1763=ORIENTED_EDGE('',*,*,#1972,.F.);
#1764=ORIENTED_EDGE('',*,*,#1975,.T.);
#1765=ORIENTED_EDGE('',*,*,#1978,.T.);
#1766=ORIENTED_EDGE('',*,*,#1981,.T.);
#1767=ORIENTED_EDGE('',*,*,#1984,.T.);
#1768=ORIENTED_EDGE('',*,*,#1987,.T.);
#1769=ORIENTED_EDGE('',*,*,#1990,.T.);
#1770=ORIENTED_EDGE('',*,*,#1993,.T.);
#1771=ORIENTED_EDGE('',*,*,#1996,.T.);
#1772=ORIENTED_EDGE('',*,*,#1999,.T.);
#1773=ORIENTED_EDGE('',*,*,#2002,.F.);
#1774=ORIENTED_EDGE('',*,*,#2005,.F.);
#1775=ORIENTED_EDGE('',*,*,#2008,.F.);
#1776=ORIENTED_EDGE('',*,*,#2011,.F.);
#1777=ORIENTED_EDGE('',*,*,#2014,.F.);
#1778=ORIENTED_EDGE('',*,*,#2017,.F.);
#1779=ORIENTED_EDGE('',*,*,#2020,.T.);
#1780=ORIENTED_EDGE('',*,*,#2023,.T.);
#1781=ORIENTED_EDGE('',*,*,#2026,.F.);
#1782=ORIENTED_EDGE('',*,*,#2029,.F.);
#1783=ORIENTED_EDGE('',*,*,#2032,.T.);
#1784=ORIENTED_EDGE('',*,*,#2035,.T.);
#1785=ORIENTED_EDGE('',*,*,#2038,.F.);
#1786=ORIENTED_EDGE('',*,*,#2041,.F.);
#1787=ORIENTED_EDGE('',*,*,#2044,.T.);
#1788=ORIENTED_EDGE('',*,*,#2047,.T.);
#1789=ORIENTED_EDGE('',*,*,#2050,.T.);
#1790=ORIENTED_EDGE('',*,*,#2053,.F.);
#1791=ORIENTED_EDGE('',*,*,#2056,.F.);
#1792=ORIENTED_EDGE('',*,*,#2059,.T.);
#1793=ORIENTED_EDGE('',*,*,#2062,.T.);
#1794=ORIENTED_EDGE('',*,*,#2065,.F.);
#1795=ORIENTED_EDGE('',*,*,#2068,.F.);
#1796=ORIENTED_EDGE('',*,*,#2071,.T.);
#1797=ORIENTED_EDGE('',*,*,#2074,.T.);
#1798=ORIENTED_EDGE('',*,*,#2077,.T.);
#1799=ORIENTED_EDGE('',*,*,#2080,.T.);
#1800=ORIENTED_EDGE('',*,*,#2083,.T.);
#1801=ORIENTED_EDGE('',*,*,#2086,.T.);
#1802=ORIENTED_EDGE('',*,*,#2089,.F.);
#1803=ORIENTED_EDGE('',*,*,#2092,.F.);
#1804=ORIENTED_EDGE('',*,*,#2095,.F.);
#1805=ORIENTED_EDGE('',*,*,#2098,.F.);
#1806=ORIENTED_EDGE('',*,*,#2101,.F.);
#1807=ORIENTED_EDGE('',*,*,#2104,.F.);
#1808=ORIENTED_EDGE('',*,*,#2107,.F.);
#1809=ORIENTED_EDGE('',*,*,#2110,.F.);
#1810=ORIENTED_EDGE('',*,*,#2113,.F.);
#1811=ORIENTED_EDGE('',*,*,#2116,.T.);
#1812=ORIENTED_EDGE('',*,*,#2119,.F.);
#1813=ORIENTED_EDGE('',*,*,#2122,.F.);
#1814=ORIENTED_EDGE('',*,*,#2125,.F.);
#1815=ORIENTED_EDGE('',*,*,#2128,.F.);
#1816=ORIENTED_EDGE('',*,*,#2131,.F.);
#1817=ORIENTED_EDGE('',*,*,#2134,.F.);
#1818=ORIENTED_EDGE('',*,*,#2137,.F.);
#1819=ORIENTED_EDGE('',*,*,#2140,.F.);
#1820=ORIENTED_EDGE('',*,*,#2143,.F.);
#1821=ORIENTED_EDGE('',*,*,#2146,.T.);
#1822=ORIENTED_EDGE('',*,*,#2149,.F.);
#1823=ORIENTED_EDGE('',*,*,#2152,.F.);
#1824=ORIENTED_EDGE('',*,*,#2155,.F.);
#1825=ORIENTED_EDGE('',*,*,#2158,.F.);
#1826=ORIENTED_EDGE('',*,*,#2161,.F.);
#1827=ORIENTED_EDGE('',*,*,#2164,.F.);
#1828=ORIENTED_EDGE('',*,*,#2167,.F.);
#1829=ORIENTED_EDGE('',*,*,#2170,.F.);
#1830=ORIENTED_EDGE('',*,*,#2173,.F.);
#1831=ORIENTED_EDGE('',*,*,#2176,.T.);
#1832=ORIENTED_EDGE('',*,*,#2179,.F.);
#1833=ORIENTED_EDGE('',*,*,#2182,.F.);
#1834=ORIENTED_EDGE('',*,*,#2185,.F.);
#1835=ORIENTED_EDGE('',*,*,#2188,.F.);
#1836=ORIENTED_EDGE('',*,*,#2191,.F.);
#1837=ORIENTED_EDGE('',*,*,#2194,.F.);
#1838=ORIENTED_EDGE('',*,*,#2197,.F.);
#1839=ORIENTED_EDGE('',*,*,#2200,.F.);
#1840=ORIENTED_EDGE('',*,*,#2203,.F.);
#1841=ORIENTED_EDGE('',*,*,#2206,.T.);
#1842=ORIENTED_EDGE('',*,*,#2209,.F.);
#1843=ORIENTED_EDGE('',*,*,#2212,.F.);
#1844=ORIENTED_EDGE('',*,*,#2215,.F.);
#1845=ORIENTED_EDGE('',*,*,#2218,.F.);
#1846=ORIENTED_EDGE('',*,*,#2221,.F.);
#1847=ORIENTED_EDGE('',*,*,#2224,.F.);
#1848=ORIENTED_EDGE('',*,*,#2227,.F.);
#1849=ORIENTED_EDGE('',*,*,#2230,.F.);
#1850=ORIENTED_EDGE('',*,*,#2233,.F.);
#1851=ORIENTED_EDGE('',*,*,#2236,.F.);
#1852=CARTESIAN_POINT('',(-8.22952817003397E-15,10.030526371077,0.0));
#1853=DIRECTION('',(0.0,0.0,1.0));
#1854=DIRECTION('',(1.0,0.0,0.0));
#1855=EDGE_CURVE('',#2239,#2240,#2241,.T.);
#1856=EDGE_CURVE('',#2242,#2240,#2243,.T.);
#1857=EDGE_CURVE('',#2244,#2242,#2245,.T.);
#1858=EDGE_CURVE('',#2244,#2239,#2246,.T.);
#1859=EDGE_CURVE('',#2240,#2247,#2248,.T.);
#1860=EDGE_CURVE('',#2249,#2247,#2250,.T.);
#1861=EDGE_CURVE('',#2242,#2249,#2251,.T.);
#1862=EDGE_CURVE('',#2247,#2252,#2253,.T.);
#1863=EDGE_CURVE('',#2254,#2252,#2255,.T.);
#1864=EDGE_CURVE('',#2249,#2254,#2256,.T.);
#1865=EDGE_CURVE('',#2252,#2257,#2258,.T.);
#1866=EDGE_CURVE('',#2259,#2257,#2260,.T.);
#1867=EDGE_CURVE('',#2254,#2259,#2261,.T.);
#1868=EDGE_CURVE('',#2257,#2262,#2263,.T.);
#1869=EDGE_CURVE('',#2264,#2262,#2265,.T.);
#1870=EDGE_CURVE('',#2259,#2264,#2266,.T.);
#1871=EDGE_CURVE('',#2262,#2267,#2268,.T.);
#1872=EDGE_CURVE('',#2269,#2267,#2270,.T.);
#1873=EDGE_CURVE('',#2264,#2269,#2271,.T.);
#1874=EDGE_CURVE('',#2267,#2272,#2273,.T.);
#1875=EDGE_CURVE('',#2274,#2272,#2275,.T.);
#1876=EDGE_CURVE('',#2269,#2274,#2276,.T.);
#1877=EDGE_CURVE('',#2272,#2277,#2278,.T.);
#1878=EDGE_CURVE('',#2279,#2277,#2280,.T.);
#1879=EDGE_CURVE('',#2274,#2279,#2281,.T.);
#1880=EDGE_CURVE('',#2277,#2282,#2283,.T.);
#1881=EDGE_CURVE('',#2284,#2282,#2285,.T.);
#1882=EDGE_CURVE('',#2284,#2279,#2286,.T.);
#1883=EDGE_CURVE('',#2282,#2287,#2288,.T.);
#1884=EDGE_CURVE('',#2289,#2287,#2290,.T.);
#1885=EDGE_CURVE('',#2284,#2289,#2291,.T.);
#1886=EDGE_CURVE('',#2287,#2292,#2293,.T.);
#1887=EDGE_CURVE('',#2294,#2292,#2295,.T.);
#1888=EDGE_CURVE('',#2289,#2294,#2296,.T.);
#1889=EDGE_CURVE('',#2292,#2297,#2298,.T.);
#1890=EDGE_CURVE('',#2299,#2297,#2300,.T.);
#1891=EDGE_CURVE('',#2294,#2299,#2301,.T.);
#1892=EDGE_CURVE('',#2297,#2302,#2303,.T.);
#1893=EDGE_CURVE('',#2304,#2302,#2305,.T.);
#1894=EDGE_CURVE('',#2299,#2304,#2306,.T.);
#1895=EDGE_CURVE('',#2302,#2307,#2308,.T.);
#1896=EDGE_CURVE('',#2309,#2307,#2310,.T.);
#1897=EDGE_CURVE('',#2304,#2309,#2311,.T.);
#1898=EDGE_CURVE('',#2307,#2312,#2313,.T.);
#1899=EDGE_CURVE('',#2314,#2312,#2315,.T.);
#1900=EDGE_CURVE('',#2309,#2314,#2316,.T.);
#1901=EDGE_CURVE('',#2312,#2317,#2318,.T.);
#1902=EDGE_CURVE('',#2319,#2317,#2320,.T.);
#1903=EDGE_CURVE('',#2314,#2319,#2321,.T.);
#1904=EDGE_CURVE('',#2317,#2322,#2323,.T.);
#1905=EDGE_CURVE('',#2324,#2322,#2325,.T.);
#1906=EDGE_CURVE('',#2319,#2324,#2326,.T.);
#1907=EDGE_CURVE('',#2322,#2327,#2328,.T.);
#1908=EDGE_CURVE('',#2329,#2327,#2330,.T.);
#1909=EDGE_CURVE('',#2324,#2329,#2331,.T.);
#1910=EDGE_CURVE('',#2327,#2332,#2333,.T.);
#1911=EDGE_CURVE('',#2334,#2332,#2335,.T.);
#1912=EDGE_CURVE('',#2334,#2329,#2336,.T.);
#1913=EDGE_CURVE('',#2332,#2337,#2338,.T.);
#1914=EDGE_CURVE('',#2339,#2337,#2340,.T.);
#1915=EDGE_CURVE('',#2334,#2339,#2341,.T.);
#1916=EDGE_CURVE('',#2337,#2342,#2343,.T.);
#1917=EDGE_CURVE('',#2344,#2342,#2345,.T.);
#1918=EDGE_CURVE('',#2339,#2344,#2346,.T.);
#1919=EDGE_CURVE('',#2342,#2347,#2348,.T.);
#1920=EDGE_CURVE('',#2349,#2347,#2350,.T.);
#1921=EDGE_CURVE('',#2344,#2349,#2351,.T.);
#1922=EDGE_CURVE('',#2347,#2352,#2353,.T.);
#1923=EDGE_CURVE('',#2354,#2352,#2355,.T.);
#1924=EDGE_CURVE('',#2349,#2354,#2356,.T.);
#1925=EDGE_CURVE('',#2352,#2357,#2358,.T.);
#1926=EDGE_CURVE('',#2359,#2357,#2360,.T.);
#1927=EDGE_CURVE('',#2354,#2359,#2361,.T.);
#1928=EDGE_CURVE('',#2357,#2362,#2363,.T.);
#1929=EDGE_CURVE('',#2364,#2362,#2365,.T.);
#1930=EDGE_CURVE('',#2359,#2364,#2366,.T.);
#1931=EDGE_CURVE('',#2362,#2367,#2368,.T.);
#1932=EDGE_CURVE('',#2369,#2367,#2370,.T.);
#1933=EDGE_CURVE('',#2364,#2369,#2371,.T.);
#1934=EDGE_CURVE('',#2367,#2372,#2373,.T.);
#1935=EDGE_CURVE('',#2374,#2372,#2375,.T.);
#1936=EDGE_CURVE('',#2369,#2374,#2376,.T.);
#1937=EDGE_CURVE('',#2372,#2377,#2378,.T.);
#1938=EDGE_CURVE('',#2379,#2377,#2380,.T.);
#1939=EDGE_CURVE('',#2374,#2379,#2381,.T.);
#1940=EDGE_CURVE('',#2377,#2382,#2383,.T.);
#1941=EDGE_CURVE('',#2384,#2382,#2385,.T.);
#1942=EDGE_CURVE('',#2384,#2379,#2386,.T.);
#1943=EDGE_CURVE('',#2382,#2387,#2388,.T.);
#1944=EDGE_CURVE('',#2389,#2387,#2390,.T.);
#1945=EDGE_CURVE('',#2384,#2389,#2391,.T.);
#1946=EDGE_CURVE('',#2387,#2392,#2393,.T.);
#1947=EDGE_CURVE('',#2394,#2392,#2395,.T.);
#1948=EDGE_CURVE('',#2389,#2394,#2396,.T.);
#1949=EDGE_CURVE('',#2392,#2397,#2398,.T.);
#1950=EDGE_CURVE('',#2399,#2397,#2400,.T.);
#1951=EDGE_CURVE('',#2394,#2399,#2401,.T.);
#1952=EDGE_CURVE('',#2397,#2402,#2403,.T.);
#1953=EDGE_CURVE('',#2404,#2402,#2405,.T.);
#1954=EDGE_CURVE('',#2399,#2404,#2406,.T.);
#1955=EDGE_CURVE('',#2402,#2407,#2408,.T.);
#1956=EDGE_CURVE('',#2409,#2407,#2410,.T.);
#1957=EDGE_CURVE('',#2404,#2409,#2411,.T.);
#1958=EDGE_CURVE('',#2407,#2412,#2413,.T.);
#1959=EDGE_CURVE('',#2414,#2412,#2415,.T.);
#1960=EDGE_CURVE('',#2409,#2414,#2416,.T.);
#1961=EDGE_CURVE('',#2412,#2417,#2418,.T.);
#1962=EDGE_CURVE('',#2419,#2417,#2420,.T.);
#1963=EDGE_CURVE('',#2414,#2419,#2421,.T.);
#1964=EDGE_CURVE('',#2417,#2422,#2423,.T.);
#1965=EDGE_CURVE('',#2424,#2422,#2425,.T.);
#1966=EDGE_CURVE('',#2419,#2424,#2426,.T.);
#1967=EDGE_CURVE('',#2422,#2427,#2428,.T.);
#1968=EDGE_CURVE('',#2429,#2427,#2430,.T.);
#1969=EDGE_CURVE('',#2424,#2429,#2431,.T.);
#1970=EDGE_CURVE('',#2427,#2432,#2433,.T.);
#1971=EDGE_CURVE('',#2434,#2432,#2435,.T.);
#1972=EDGE_CURVE('',#2434,#2429,#2436,.T.);
#1973=EDGE_CURVE('',#2432,#2437,#2438,.T.);
#1974=EDGE_CURVE('',#2439,#2437,#2440,.T.);
#1975=EDGE_CURVE('',#2434,#2439,#2441,.T.);
#1976=EDGE_CURVE('',#2437,#2442,#2443,.T.);
#1977=EDGE_CURVE('',#2444,#2442,#2445,.T.);
#1978=EDGE_CURVE('',#2439,#2444,#2446,.T.);
#1979=EDGE_CURVE('',#2442,#2447,#2448,.T.);
#1980=EDGE_CURVE('',#2449,#2447,#2450,.T.);
#1981=EDGE_CURVE('',#2444,#2449,#2451,.T.);
#1982=EDGE_CURVE('',#2447,#2452,#2453,.T.);
#1983=EDGE_CURVE('',#2454,#2452,#2455,.T.);
#1984=EDGE_CURVE('',#2449,#2454,#2456,.T.);
#1985=EDGE_CURVE('',#2452,#2457,#2458,.T.);
#1986=EDGE_CURVE('',#2459,#2457,#2460,.T.);
#1987=EDGE_CURVE('',#2454,#2459,#2461,.T.);
#1988=EDGE_CURVE('',#2457,#2462,#2463,.T.);
#1989=EDGE_CURVE('',#2464,#2462,#2465,.T.);
#1990=EDGE_CURVE('',#2459,#2464,#2466,.T.);
#1991=EDGE_CURVE('',#2462,#2467,#2468,.T.);
#1992=EDGE_CURVE('',#2469,#2467,#2470,.T.);
#1993=EDGE_CURVE('',#2464,#2469,#2471,.T.);
#1994=EDGE_CURVE('',#2467,#2472,#2473,.T.);
#1995=EDGE_CURVE('',#2474,#2472,#2475,.T.);
#1996=EDGE_CURVE('',#2469,#2474,#2476,.T.);
#1997=EDGE_CURVE('',#2472,#2477,#2478,.T.);
#1998=EDGE_CURVE('',#2479,#2477,#2480,.T.);
#1999=EDGE_CURVE('',#2474,#2479,#2481,.T.);
#2000=EDGE_CURVE('',#2477,#2482,#2483,.T.);
#2001=EDGE_CURVE('',#2484,#2482,#2485,.T.);
#2002=EDGE_CURVE('',#2484,#2479,#2486,.T.);
#2003=EDGE_CURVE('',#2482,#2487,#2488,.T.);
#2004=EDGE_CURVE('',#2489,#2487,#2490,.T.);
#2005=EDGE_CURVE('',#2489,#2484,#2491,.T.);
#2006=EDGE_CURVE('',#2487,#2492,#2493,.T.);
#2007=EDGE_CURVE('',#2494,#2492,#2495,.T.);
#2008=EDGE_CURVE('',#2494,#2489,#2496,.T.);
#2009=EDGE_CURVE('',#2492,#2497,#2498,.T.);
#2010=EDGE_CURVE('',#2499,#2497,#2500,.T.);
#2011=EDGE_CURVE('',#2499,#2494,#2501,.T.);
#2012=EDGE_CURVE('',#2497,#2502,#2503,.T.);
#2013=EDGE_CURVE('',#2504,#2502,#2505,.T.);
#2014=EDGE_CURVE('',#2504,#2499,#2506,.T.);
#2015=EDGE_CURVE('',#2502,#2507,#2508,.T.);
#2016=EDGE_CURVE('',#2509,#2507,#2510,.T.);
#2017=EDGE_CURVE('',#2509,#2504,#2511,.T.);
#2018=EDGE_CURVE('',#2507,#2512,#2513,.T.);
#2019=EDGE_CURVE('',#2514,#2512,#2515,.T.);
#2020=EDGE_CURVE('',#2509,#2514,#2516,.T.);
#2021=EDGE_CURVE('',#2512,#2517,#2518,.T.);
#2022=EDGE_CURVE('',#2519,#2517,#2520,.T.);
#2023=EDGE_CURVE('',#2514,#2519,#2521,.T.);
#2024=EDGE_CURVE('',#2517,#2522,#2523,.T.);
#2025=EDGE_CURVE('',#2524,#2522,#2525,.T.);
#2026=EDGE_CURVE('',#2524,#2519,#2526,.T.);
#2027=EDGE_CURVE('',#2522,#2527,#2528,.T.);
#2028=EDGE_CURVE('',#2529,#2527,#2530,.T.);
#2029=EDGE_CURVE('',#2529,#2524,#2531,.T.);
#2030=EDGE_CURVE('',#2527,#2532,#2533,.T.);
#2031=EDGE_CURVE('',#2534,#2532,#2535,.T.);
#2032=EDGE_CURVE('',#2529,#2534,#2536,.T.);
#2033=EDGE_CURVE('',#2532,#2537,#2538,.T.);
#2034=EDGE_CURVE('',#2539,#2537,#2540,.T.);
#2035=EDGE_CURVE('',#2534,#2539,#2541,.T.);
#2036=EDGE_CURVE('',#2537,#2542,#2543,.T.);
#2037=EDGE_CURVE('',#2544,#2542,#2545,.T.);
#2038=EDGE_CURVE('',#2544,#2539,#2546,.T.);
#2039=EDGE_CURVE('',#2542,#2547,#2548,.T.);
#2040=EDGE_CURVE('',#2549,#2547,#2550,.T.);
#2041=EDGE_CURVE('',#2549,#2544,#2551,.T.);
#2042=EDGE_CURVE('',#2547,#2552,#2553,.T.);
#2043=EDGE_CURVE('',#2554,#2552,#2555,.T.);
#2044=EDGE_CURVE('',#2549,#2554,#2556,.T.);
#2045=EDGE_CURVE('',#2552,#2557,#2558,.T.);
#2046=EDGE_CURVE('',#2559,#2557,#2560,.T.);
#2047=EDGE_CURVE('',#2554,#2559,#2561,.T.);
#2048=EDGE_CURVE('',#2557,#2562,#2563,.T.);
#2049=EDGE_CURVE('',#2564,#2562,#2565,.T.);
#2050=EDGE_CURVE('',#2559,#2564,#2566,.T.);
#2051=EDGE_CURVE('',#2562,#2567,#2568,.T.);
#2052=EDGE_CURVE('',#2569,#2567,#2570,.T.);
#2053=EDGE_CURVE('',#2569,#2564,#2571,.T.);
#2054=EDGE_CURVE('',#2567,#2572,#2573,.T.);
#2055=EDGE_CURVE('',#2574,#2572,#2575,.T.);
#2056=EDGE_CURVE('',#2574,#2569,#2576,.T.);
#2057=EDGE_CURVE('',#2572,#2577,#2578,.T.);
#2058=EDGE_CURVE('',#2579,#2577,#2580,.T.);
#2059=EDGE_CURVE('',#2574,#2579,#2581,.T.);
#2060=EDGE_CURVE('',#2577,#2582,#2583,.T.);
#2061=EDGE_CURVE('',#2584,#2582,#2585,.T.);
#2062=EDGE_CURVE('',#2579,#2584,#2586,.T.);
#2063=EDGE_CURVE('',#2582,#2587,#2588,.T.);
#2064=EDGE_CURVE('',#2589,#2587,#2590,.T.);
#2065=EDGE_CURVE('',#2589,#2584,#2591,.T.);
#2066=EDGE_CURVE('',#2587,#2592,#2593,.T.);
#2067=EDGE_CURVE('',#2594,#2592,#2595,.T.);
#2068=EDGE_CURVE('',#2594,#2589,#2596,.T.);
#2069=EDGE_CURVE('',#2592,#2597,#2598,.T.);
#2070=EDGE_CURVE('',#2599,#2597,#2600,.T.);
#2071=EDGE_CURVE('',#2594,#2599,#2601,.T.);
#2072=EDGE_CURVE('',#2597,#2602,#2603,.T.);
#2073=EDGE_CURVE('',#2604,#2602,#2605,.T.);
#2074=EDGE_CURVE('',#2599,#2604,#2606,.T.);
#2075=EDGE_CURVE('',#2602,#2607,#2608,.T.);
#2076=EDGE_CURVE('',#2609,#2607,#2610,.T.);
#2077=EDGE_CURVE('',#2604,#2609,#2611,.T.);
#2078=EDGE_CURVE('',#2607,#2612,#2613,.T.);
#2079=EDGE_CURVE('',#2614,#2612,#2615,.T.);
#2080=EDGE_CURVE('',#2609,#2614,#2616,.T.);
#2081=EDGE_CURVE('',#2612,#2617,#2618,.T.);
#2082=EDGE_CURVE('',#2619,#2617,#2620,.T.);
#2083=EDGE_CURVE('',#2614,#2619,#2621,.T.);
#2084=EDGE_CURVE('',#2617,#2622,#2623,.T.);
#2085=EDGE_CURVE('',#2624,#2622,#2625,.T.);
#2086=EDGE_CURVE('',#2619,#2624,#2626,.T.);
#2087=EDGE_CURVE('',#2622,#2627,#2628,.T.);
#2088=EDGE_CURVE('',#2629,#2627,#2630,.T.);
#2089=EDGE_CURVE('',#2629,#2624,#2631,.T.);
#2090=EDGE_CURVE('',#2627,#2632,#2633,.T.);
#2091=EDGE_CURVE('',#2634,#2632,#2635,.T.);
#2092=EDGE_CURVE('',#2634,#2629,#2636,.T.);
#2093=EDGE_CURVE('',#2632,#2637,#2638,.T.);
#2094=EDGE_CURVE('',#2639,#2637,#2640,.T.);
#2095=EDGE_CURVE('',#2639,#2634,#2641,.T.);
#2096=EDGE_CURVE('',#2637,#2642,#2643,.T.);
#2097=EDGE_CURVE('',#2644,#2642,#2645,.T.);
#2098=EDGE_CURVE('',#2644,#2639,#2646,.T.);
#2099=EDGE_CURVE('',#2642,#2647,#2648,.T.);
#2100=EDGE_CURVE('',#2649,#2647,#2650,.T.);
#2101=EDGE_CURVE('',#2649,#2644,#2651,.T.);
#2102=EDGE_CURVE('',#2647,#2652,#2653,.T.);
#2103=EDGE_CURVE('',#2654,#2652,#2655,.T.);
#2104=EDGE_CURVE('',#2654,#2649,#2656,.T.);
#2105=EDGE_CURVE('',#2652,#2657,#2658,.T.);
#2106=EDGE_CURVE('',#2659,#2657,#2660,.T.);
#2107=EDGE_CURVE('',#2659,#2654,#2661,.T.);
#2108=EDGE_CURVE('',#2657,#2662,#2663,.T.);
#2109=EDGE_CURVE('',#2664,#2662,#2665,.T.);
#2110=EDGE_CURVE('',#2664,#2659,#2666,.T.);
#2111=EDGE_CURVE('',#2662,#2667,#2668,.T.);
#2112=EDGE_CURVE('',#2669,#2667,#2670,.T.);
#2113=EDGE_CURVE('',#2669,#2664,#2671,.T.);
#2114=EDGE_CURVE('',#2667,#2672,#2673,.T.);
#2115=EDGE_CURVE('',#2674,#2672,#2675,.T.);
#2116=EDGE_CURVE('',#2669,#2674,#2676,.T.);
#2117=EDGE_CURVE('',#2672,#2677,#2678,.T.);
#2118=EDGE_CURVE('',#2679,#2677,#2680,.T.);
#2119=EDGE_CURVE('',#2679,#2674,#2681,.T.);
#2120=EDGE_CURVE('',#2677,#2682,#2683,.T.);
#2121=EDGE_CURVE('',#2684,#2682,#2685,.T.);
#2122=EDGE_CURVE('',#2684,#2679,#2686,.T.);
#2123=EDGE_CURVE('',#2682,#2687,#2688,.T.);
#2124=EDGE_CURVE('',#2689,#2687,#2690,.T.);
#2125=EDGE_CURVE('',#2689,#2684,#2691,.T.);
#2126=EDGE_CURVE('',#2687,#2692,#2693,.T.);
#2127=EDGE_CURVE('',#2694,#2692,#2695,.T.);
#2128=EDGE_CURVE('',#2694,#2689,#2696,.T.);
#2129=EDGE_CURVE('',#2692,#2697,#2698,.T.);
#2130=EDGE_CURVE('',#2699,#2697,#2700,.T.);
#2131=EDGE_CURVE('',#2699,#2694,#2701,.T.);
#2132=EDGE_CURVE('',#2697,#2702,#2703,.T.);
#2133=EDGE_CURVE('',#2704,#2702,#2705,.T.);
#2134=EDGE_CURVE('',#2704,#2699,#2706,.T.);
#2135=EDGE_CURVE('',#2702,#2707,#2708,.T.);
#2136=EDGE_CURVE('',#2709,#2707,#2710,.T.);
#2137=EDGE_CURVE('',#2709,#2704,#2711,.T.);
#2138=EDGE_CURVE('',#2707,#2712,#2713,.T.);
#2139=EDGE_CURVE('',#2714,#2712,#2715,.T.);
#2140=EDGE_CURVE('',#2714,#2709,#2716,.T.);
#2141=EDGE_CURVE('',#2712,#2717,#2718,.T.);
#2142=EDGE_CURVE('',#2719,#2717,#2720,.T.);
#2143=EDGE_CURVE('',#2719,#2714,#2721,.T.);
#2144=EDGE_CURVE('',#2717,#2722,#2723,.T.);
#2145=EDGE_CURVE('',#2724,#2722,#2725,.T.);
#2146=EDGE_CURVE('',#2719,#2724,#2726,.T.);
#2147=EDGE_CURVE('',#2722,#2727,#2728,.T.);
#2148=EDGE_CURVE('',#2729,#2727,#2730,.T.);
#2149=EDGE_CURVE('',#2729,#2724,#2731,.T.);
#2150=EDGE_CURVE('',#2727,#2732,#2733,.T.);
#2151=EDGE_CURVE('',#2734,#2732,#2735,.T.);
#2152=EDGE_CURVE('',#2734,#2729,#2736,.T.);
#2153=EDGE_CURVE('',#2732,#2737,#2738,.T.);
#2154=EDGE_CURVE('',#2739,#2737,#2740,.T.);
#2155=EDGE_CURVE('',#2739,#2734,#2741,.T.);
#2156=EDGE_CURVE('',#2737,#2742,#2743,.T.);
#2157=EDGE_CURVE('',#2744,#2742,#2745,.T.);
#2158=EDGE_CURVE('',#2744,#2739,#2746,.T.);
#2159=EDGE_CURVE('',#2742,#2747,#2748,.T.);
#2160=EDGE_CURVE('',#2749,#2747,#2750,.T.);
#2161=EDGE_CURVE('',#2749,#2744,#2751,.T.);
#2162=EDGE_CURVE('',#2747,#2752,#2753,.T.);
#2163=EDGE_CURVE('',#2754,#2752,#2755,.T.);
#2164=EDGE_CURVE('',#2754,#2749,#2756,.T.);
#2165=EDGE_CURVE('',#2752,#2757,#2758,.T.);
#2166=EDGE_CURVE('',#2759,#2757,#2760,.T.);
#2167=EDGE_CURVE('',#2759,#2754,#2761,.T.);
#2168=EDGE_CURVE('',#2757,#2762,#2763,.T.);
#2169=EDGE_CURVE('',#2764,#2762,#2765,.T.);
#2170=EDGE_CURVE('',#2764,#2759,#2766,.T.);
#2171=EDGE_CURVE('',#2762,#2767,#2768,.T.);
#2172=EDGE_CURVE('',#2769,#2767,#2770,.T.);
#2173=EDGE_CURVE('',#2769,#2764,#2771,.T.);
#2174=EDGE_CURVE('',#2767,#2772,#2773,.T.);
#2175=EDGE_CURVE('',#2774,#2772,#2775,.T.);
#2176=EDGE_CURVE('',#2769,#2774,#2776,.T.);
#2177=EDGE_CURVE('',#2772,#2777,#2778,.T.);
#2178=EDGE_CURVE('',#2779,#2777,#2780,.T.);
#2179=EDGE_CURVE('',#2779,#2774,#2781,.T.);
#2180=EDGE_CURVE('',#2777,#2782,#2783,.T.);
#2181=EDGE_CURVE('',#2784,#2782,#2785,.T.);
#2182=EDGE_CURVE('',#2784,#2779,#2786,.T.);
#2183=EDGE_CURVE('',#2782,#2787,#2788,.T.);
#2184=EDGE_CURVE('',#2789,#2787,#2790,.T.);
#2185=EDGE_CURVE('',#2789,#2784,#2791,.T.);
#2186=EDGE_CURVE('',#2787,#2792,#2793,.T.);
#2187=EDGE_CURVE('',#2794,#2792,#2795,.T.);
#2188=EDGE_CURVE('',#2794,#2789,#2796,.T.);
#2189=EDGE_CURVE('',#2792,#2797,#2798,.T.);
#2190=EDGE_CURVE('',#2799,#2797,#2800,.T.);
#2191=EDGE_CURVE('',#2799,#2794,#2801,.T.);
#2192=EDGE_CURVE('',#2797,#2802,#2803,.T.);
#2193=EDGE_CURVE('',#2804,#2802,#2805,.T.);
#2194=EDGE_CURVE('',#2804,#2799,#2806,.T.);
#2195=EDGE_CURVE('',#2802,#2807,#2808,.T.);
#2196=EDGE_CURVE('',#2809,#2807,#2810,.T.);
#2197=EDGE_CURVE('',#2809,#2804,#2811,.T.);
#2198=EDGE_CURVE('',#2807,#2812,#2813,.T.);
#2199=EDGE_CURVE('',#2814,#2812,#2815,.T.);
#2200=EDGE_CURVE('',#2814,#2809,#2816,.T.);
#2201=EDGE_CURVE('',#2812,#2817,#2818,.T.);
#2202=EDGE_CURVE('',#2819,#2817,#2820,.T.);
#2203=EDGE_CURVE('',#2819,#2814,#2821,.T.);
#2204=EDGE_CURVE('',#2817,#2822,#2823,.T.);
#2205=EDGE_CURVE('',#2824,#2822,#2825,.T.);
#2206=EDGE_CURVE('',#2819,#2824,#2826,.T.);
#2207=EDGE_CURVE('',#2822,#2827,#2828,.T.);
#2208=EDGE_CURVE('',#2829,#2827,#2830,.T.);
#2209=EDGE_CURVE('',#2829,#2824,#2831,.T.);
#2210=EDGE_CURVE('',#2827,#2832,#2833,.T.);
#2211=EDGE_CURVE('',#2834,#2832,#2835,.T.);
#2212=EDGE_CURVE('',#2834,#2829,#2836,.T.);
#2213=EDGE_CURVE('',#2832,#2837,#2838,.T.);
#2214=EDGE_CURVE('',#2839,#2837,#2840,.T.);
#2215=EDGE_CURVE('',#2839,#2834,#2841,.T.);
#2216=EDGE_CURVE('',#2837,#2842,#2843,.T.);
#2217=EDGE_CURVE('',#2844,#2842,#2845,.T.);
#2218=EDGE_CURVE('',#2844,#2839,#2846,.T.);
#2219=EDGE_CURVE('',#2842,#2847,#2848,.T.);
#2220=EDGE_CURVE('',#2849,#2847,#2850,.T.);
#2221=EDGE_CURVE('',#2849,#2844,#2851,.T.);
#2222=EDGE_CURVE('',#2847,#2852,#2853,.T.);
#2223=EDGE_CURVE('',#2854,#2852,#2855,.T.);
#2224=EDGE_CURVE('',#2854,#2849,#2856,.T.);
#2225=EDGE_CURVE('',#2852,#2857,#2858,.T.);
#2226=EDGE_CURVE('',#2859,#2857,#2860,.T.);
#2227=EDGE_CURVE('',#2859,#2854,#2861,.T.);
#2228=EDGE_CURVE('',#2857,#2862,#2863,.T.);
#2229=EDGE_CURVE('',#2864,#2862,#2865,.T.);
#2230=EDGE_CURVE('',#2864,#2859,#2866,.T.);
#2231=EDGE_CURVE('',#2862,#2867,#2868,.T.);
#2232=EDGE_CURVE('',#2869,#2867,#2870,.T.);
#2233=EDGE_CURVE('',#2869,#2864,#2871,.T.);
#2234=EDGE_CURVE('',#2867,#2872,#2873,.T.);
#2235=EDGE_CURVE('',#2874,#2872,#2875,.T.);
#2236=EDGE_CURVE('',#2874,#2869,#2876,.T.);
#2237=EDGE_CURVE('',#2872,#2239,#2877,.T.);
#2238=EDGE_CURVE('',#2874,#2244,#2878,.T.);
#2239=VERTEX_POINT('',#2879);
#2240=VERTEX_POINT('',#2880);
#2241=LINE('',#2881,#2882);
#2242=VERTEX_POINT('',#2883);
#2243=LINE('',#2884,#2885);
#2244=VERTEX_POINT('',#2886);
#2245=LINE('',#2887,#2888);
#2246=LINE('',#2889,#2890);
#2247=VERTEX_POINT('',#2891);
#2248=LINE('',#2892,#2893);
#2249=VERTEX_POINT('',#2894);
#2250=LINE('',#2895,#2896);
#2251=LINE('',#2897,#2898);
#2252=VERTEX_POINT('',#2899);
#2253=LINE('',#2900,#2901);
#2254=VERTEX_POINT('',#2902);
#2255=LINE('',#2903,#2904);
#2256=LINE('',#2905,#2906);
#2257=VERTEX_POINT('',#2907);
#2258=LINE('',#2908,#2909);
#2259=VERTEX_POINT('',#2910);
#2260=LINE('',#2911,#2912);
#2261=LINE('',#2913,#2914);
#2262=VERTEX_POINT('',#2915);
#2263=LINE('',#2916,#2917);
#2264=VERTEX_POINT('',#2918);
#2265=LINE('',#2919,#2920);
#2266=LINE('',#2921,#2922);
#2267=VERTEX_POINT('',#2923);
#2268=LINE('',#2924,#2925);
#2269=VERTEX_POINT('',#2926);
#2270=LINE('',#2927,#2928);
#2271=LINE('',#2929,#2930);
#2272=VERTEX_POINT('',#2931);
#2273=LINE('',#2932,#2933);
#2274=VERTEX_POINT('',#2934);
#2275=LINE('',#2935,#2936);
#2276=LINE('',#2937,#2938);
#2277=VERTEX_POINT('',#2939);
#2278=LINE('',#2940,#2941);
#2279=VERTEX_POINT('',#2942);
#2280=LINE('',#2943,#2944);
#2281=LINE('',#2945,#2946);
#2282=VERTEX_POINT('',#2947);
#2283=LINE('',#2948,#2949);
#2284=VERTEX_POINT('',#2950);
#2285=LINE('',#2951,#2952);
#2286=LINE('',#2953,#2954);
#2287=VERTEX_POINT('',#2955);
#2288=LINE('',#2956,#2957);
#2289=VERTEX_POINT('',#2958);
#2290=LINE('',#2959,#2960);
#2291=LINE('',#2961,#2962);
#2292=VERTEX_POINT('',#2963);
#2293=LINE('',#2964,#2965);
#2294=VERTEX_POINT('',#2966);
#2295=LINE('',#2967,#2968);
#2296=LINE('',#2969,#2970);
#2297=VERTEX_POINT('',#2971);
#2298=LINE('',#2972,#2973);
#2299=VERTEX_POINT('',#2974);
#2300=LINE('',#2975,#2976);
#2301=LINE('',#2977,#2978);
#2302=VERTEX_POINT('',#2979);
#2303=LINE('',#2980,#2981);
#2304=VERTEX_POINT('',#2982);
#2305=LINE('',#2983,#2984);
#2306=LINE('',#2985,#2986);
#2307=VERTEX_POINT('',#2987);
#2308=LINE('',#2988,#2989);
#2309=VERTEX_POINT('',#2990);
#2310=LINE('',#2991,#2992);
#2311=LINE('',#2993,#2994);
#2312=VERTEX_POINT('',#2995);
#2313=LINE('',#2996,#2997);
#2314=VERTEX_POINT('',#2998);
#2315=LINE('',#2999,#3000);
#2316=LINE('',#3001,#3002);
#2317=VERTEX_POINT('',#3003);
#2318=LINE('',#3004,#3005);
#2319=VERTEX_POINT('',#3006);
#2320=LINE('',#3007,#3008);
#2321=LINE('',#3009,#3010);
#2322=VERTEX_POINT('',#3011);
#2323=LINE('',#3012,#3013);
#2324=VERTEX_POINT('',#3014);
#2325=LINE('',#3015,#3016);
#2326=LINE('',#3017,#3018);
#2327=VERTEX_POINT('',#3019);
#2328=LINE('',#3020,#3021);
#2329=VERTEX_POINT('',#3022);
#2330=LINE('',#3023,#3024);
#2331=LINE('',#3025,#3026);
#2332=VERTEX_POINT('',#3027);
#2333=LINE('',#3028,#3029);
#2334=VERTEX_POINT('',#3030);
#2335=LINE('',#3031,#3032);
#2336=LINE('',#3033,#3034);
#2337=VERTEX_POINT('',#3035);
#2338=LINE('',#3036,#3037);
#2339=VERTEX_POINT('',#3038);
#2340=LINE('',#3039,#3040);
#2341=LINE('',#3041,#3042);
#2342=VERTEX_POINT('',#3043);
#2343=LINE('',#3044,#3045);
#2344=VERTEX_POINT('',#3046);
#2345=LINE('',#3047,#3048);
#2346=LINE('',#3049,#3050);
#2347=VERTEX_POINT('',#3051);
#2348=LINE('',#3052,#3053);
#2349=VERTEX_POINT('',#3054);
#2350=LINE('',#3055,#3056);
#2351=LINE('',#3057,#3058);
#2352=VERTEX_POINT('',#3059);
#2353=LINE('',#3060,#3061);
#2354=VERTEX_POINT('',#3062);
#2355=LINE('',#3063,#3064);
#2356=LINE('',#3065,#3066);
#2357=VERTEX_POINT('',#3067);
#2358=LINE('',#3068,#3069);
#2359=VERTEX_POINT('',#3070);
#2360=LINE('',#3071,#3072);
#2361=LINE('',#3073,#3074);
#2362=VERTEX_POINT('',#3075);
#2363=LINE('',#3076,#3077);
#2364=VERTEX_POINT('',#3078);
#2365=LINE('',#3079,#3080);
#2366=LINE('',#3081,#3082);
#2367=VERTEX_POINT('',#3083);
#2368=LINE('',#3084,#3085);
#2369=VERTEX_POINT('',#3086);
#2370=LINE('',#3087,#3088);
#2371=LINE('',#3089,#3090);
#2372=VERTEX_POINT('',#3091);
#2373=LINE('',#3092,#3093);
#2374=VERTEX_POINT('',#3094);
#2375=LINE('',#3095,#3096);
#2376=LINE('',#3097,#3098);
#2377=VERTEX_POINT('',#3099);
#2378=LINE('',#3100,#3101);
#2379=VERTEX_POINT('',#3102);
#2380=LINE('',#3103,#3104);
#2381=LINE('',#3105,#3106);
#2382=VERTEX_POINT('',#3107);
#2383=LINE('',#3108,#3109);
#2384=VERTEX_POINT('',#3110);
#2385=LINE('',#3111,#3112);
#2386=LINE('',#3113,#3114);
#2387=VERTEX_POINT('',#3115);
#2388=LINE('',#3116,#3117);
#2389=VERTEX_POINT('',#3118);
#2390=LINE('',#3119,#3120);
#2391=LINE('',#3121,#3122);
#2392=VERTEX_POINT('',#3123);
#2393=LINE('',#3124,#3125);
#2394=VERTEX_POINT('',#3126);
#2395=LINE('',#3127,#3128);
#2396=LINE('',#3129,#3130);
#2397=VERTEX_POINT('',#3131);
#2398=LINE('',#3132,#3133);
#2399=VERTEX_POINT('',#3134);
#2400=LINE('',#3135,#3136);
#2401=LINE('',#3137,#3138);
#2402=VERTEX_POINT('',#3139);
#2403=LINE('',#3140,#3141);
#2404=VERTEX_POINT('',#3142);
#2405=LINE('',#3143,#3144);
#2406=LINE('',#3145,#3146);
#2407=VERTEX_POINT('',#3147);
#2408=LINE('',#3148,#3149);
#2409=VERTEX_POINT('',#3150);
#2410=LINE('',#3151,#3152);
#2411=LINE('',#3153,#3154);
#2412=VERTEX_POINT('',#3155);
#2413=LINE('',#3156,#3157);
#2414=VERTEX_POINT('',#3158);
#2415=LINE('',#3159,#3160);
#2416=LINE('',#3161,#3162);
#2417=VERTEX_POINT('',#3163);
#2418=LINE('',#3164,#3165);
#2419=VERTEX_POINT('',#3166);
#2420=LINE('',#3167,#3168);
#2421=LINE('',#3169,#3170);
#2422=VERTEX_POINT('',#3171);
#2423=LINE('',#3172,#3173);
#2424=VERTEX_POINT('',#3174);
#2425=LINE('',#3175,#3176);
#2426=LINE('',#3177,#3178);
#2427=VERTEX_POINT('',#3179);
#2428=LINE('',#3180,#3181);
#2429=VERTEX_POINT('',#3182);
#2430=LINE('',#3183,#3184);
#2431=LINE('',#3185,#3186);
#2432=VERTEX_POINT('',#3187);
#2433=LINE('',#3188,#3189);
#2434=VERTEX_POINT('',#3190);
#2435=LINE('',#3191,#3192);
#2436=LINE('',#3193,#3194);
#2437=VERTEX_POINT('',#3195);
#2438=LINE('',#3196,#3197);
#2439=VERTEX_POINT('',#3198);
#2440=LINE('',#3199,#3200);
#2441=LINE('',#3201,#3202);
#2442=VERTEX_POINT('',#3203);
#2443=LINE('',#3204,#3205);
#2444=VERTEX_POINT('',#3206);
#2445=LINE('',#3207,#3208);
#2446=LINE('',#3209,#3210);
#2447=VERTEX_POINT('',#3211);
#2448=LINE('',#3212,#3213);
#2449=VERTEX_POINT('',#3214);
#2450=LINE('',#3215,#3216);
#2451=LINE('',#3217,#3218);
#2452=VERTEX_POINT('',#3219);
#2453=LINE('',#3220,#3221);
#2454=VERTEX_POINT('',#3222);
#2455=LINE('',#3223,#3224);
#2456=LINE('',#3225,#3226);
#2457=VERTEX_POINT('',#3227);
#2458=LINE('',#3228,#3229);
#2459=VERTEX_POINT('',#3230);
#2460=LINE('',#3231,#3232);
#2461=LINE('',#3233,#3234);
#2462=VERTEX_POINT('',#3235);
#2463=LINE('',#3236,#3237);
#2464=VERTEX_POINT('',#3238);
#2465=LINE('',#3239,#3240);
#2466=LINE('',#3241,#3242);
#2467=VERTEX_POINT('',#3243);
#2468=LINE('',#3244,#3245);
#2469=VERTEX_POINT('',#3246);
#2470=LINE('',#3247,#3248);
#2471=LINE('',#3249,#3250);
#2472=VERTEX_POINT('',#3251);
#2473=LINE('',#3252,#3253);
#2474=VERTEX_POINT('',#3254);
#2475=LINE('',#3255,#3256);
#2476=LINE('',#3257,#3258);
#2477=VERTEX_POINT('',#3259);
#2478=LINE('',#3260,#3261);
#2479=VERTEX_POINT('',#3262);
#2480=LINE('',#3263,#3264);
#2481=LINE('',#3265,#3266);
#2482=VERTEX_POINT('',#3267);
#2483=LINE('',#3268,#3269);
#2484=VERTEX_POINT('',#3270);
#2485=LINE('',#3271,#3272);
#2486=LINE('',#3273,#3274);
#2487=VERTEX_POINT('',#3275);
#2488=LINE('',#3276,#3277);
#2489=VERTEX_POINT('',#3278);
#2490=LINE('',#3279,#3280);
#2491=LINE('',#3281,#3282);
#2492=VERTEX_POINT('',#3283);
#2493=LINE('',#3284,#3285);
#2494=VERTEX_POINT('',#3286);
#2495=LINE('',#3287,#3288);
#2496=LINE('',#3289,#3290);
#2497=VERTEX_POINT('',#3291);
#2498=LINE('',#3292,#3293);
#2499=VERTEX_POINT('',#3294);
#2500=LINE('',#3295,#3296);
#2501=LINE('',#3297,#3298);
#2502=VERTEX_POINT('',#3299);
#2503=LINE('',#3300,#3301);
#2504=VERTEX_POINT('',#3302);
#2505=LINE('',#3303,#3304);
#2506=LINE('',#3305,#3306);
#2507=VERTEX_POINT('',#3307);
#2508=LINE('',#3308,#3309);
#2509=VERTEX_POINT('',#3310);
#2510=LINE('',#3311,#3312);
#2511=LINE('',#3313,#3314);
#2512=VERTEX_POINT('',#3315);
#2513=LINE('',#3316,#3317);
#2514=VERTEX_POINT('',#3318);
#2515=LINE('',#3319,#3320);
#2516=LINE('',#3321,#3322);
#2517=VERTEX_POINT('',#3323);
#2518=LINE('',#3324,#3325);
#2519=VERTEX_POINT('',#3326);
#2520=LINE('',#3327,#3328);
#2521=LINE('',#3329,#3330);
#2522=VERTEX_POINT('',#3331);
#2523=LINE('',#3332,#3333);
#2524=VERTEX_POINT('',#3334);
#2525=LINE('',#3335,#3336);
#2526=LINE('',#3337,#3338);
#2527=VERTEX_POINT('',#3339);
#2528=LINE('',#3340,#3341);
#2529=VERTEX_POINT('',#3342);
#2530=LINE('',#3343,#3344);
#2531=LINE('',#3345,#3346);
#2532=VERTEX_POINT('',#3347);
#2533=LINE('',#3348,#3349);
#2534=VERTEX_POINT('',#3350);
#2535=LINE('',#3351,#3352);
#2536=LINE('',#3353,#3354);
#2537=VERTEX_POINT('',#3355);
#2538=LINE('',#3356,#3357);
#2539=VERTEX_POINT('',#3358);
#2540=LINE('',#3359,#3360);
#2541=LINE('',#3361,#3362);
#2542=VERTEX_POINT('',#3363);
#2543=LINE('',#3364,#3365);
#2544=VERTEX_POINT('',#3366);
#2545=LINE('',#3367,#3368);
#2546=LINE('',#3369,#3370);
#2547=VERTEX_POINT('',#3371);
#2548=LINE('',#3372,#3373);
#2549=VERTEX_POINT('',#3374);
#2550=LINE('',#3375,#3376);
#2551=LINE('',#3377,#3378);
#2552=VERTEX_POINT('',#3379);
#2553=LINE('',#3380,#3381);
#2554=VERTEX_POINT('',#3382);
#2555=LINE('',#3383,#3384);
#2556=LINE('',#3385,#3386);
#2557=VERTEX_POINT('',#3387);
#2558=LINE('',#3388,#3389);
#2559=VERTEX_POINT('',#3390);
#2560=LINE('',#3391,#3392);
#2561=LINE('',#3393,#3394);
#2562=VERTEX_POINT('',#3395);
#2563=LINE('',#3396,#3397);
#2564=VERTEX_POINT('',#3398);
#2565=LINE('',#3399,#3400);
#2566=LINE('',#3401,#3402);
#2567=VERTEX_POINT('',#3403);
#2568=LINE('',#3404,#3405);
#2569=VERTEX_POINT('',#3406);
#2570=LINE('',#3407,#3408);
#2571=LINE('',#3409,#3410);
#2572=VERTEX_POINT('',#3411);
#2573=LINE('',#3412,#3413);
#2574=VERTEX_POINT('',#3414);
#2575=LINE('',#3415,#3416);
#2576=LINE('',#3417,#3418);
#2577=VERTEX_POINT('',#3419);
#2578=LINE('',#3420,#3421);
#2579=VERTEX_POINT('',#3422);
#2580=LINE('',#3423,#3424);
#2581=LINE('',#3425,#3426);
#2582=VERTEX_POINT('',#3427);
#2583=LINE('',#3428,#3429);
#2584=VERTEX_POINT('',#3430);
#2585=LINE('',#3431,#3432);
#2586=LINE('',#3433,#3434);
#2587=VERTEX_POINT('',#3435);
#2588=LINE('',#3436,#3437);
#2589=VERTEX_POINT('',#3438);
#2590=LINE('',#3439,#3440);
#2591=LINE('',#3441,#3442);
#2592=VERTEX_POINT('',#3443);
#2593=LINE('',#3444,#3445);
#2594=VERTEX_POINT('',#3446);
#2595=LINE('',#3447,#3448);
#2596=LINE('',#3449,#3450);
#2597=VERTEX_POINT('',#3451);
#2598=LINE('',#3452,#3453);
#2599=VERTEX_POINT('',#3454);
#2600=LINE('',#3455,#3456);
#2601=LINE('',#3457,#3458);
#2602=VERTEX_POINT('',#3459);
#2603=LINE('',#3460,#3461);
#2604=VERTEX_POINT('',#3462);
#2605=LINE('',#3463,#3464);
#2606=LINE('',#3465,#3466);
#2607=VERTEX_POINT('',#3467);
#2608=LINE('',#3468,#3469);
#2609=VERTEX_POINT('',#3470);
#2610=LINE('',#3471,#3472);
#2611=LINE('',#3473,#3474);
#2612=VERTEX_POINT('',#3475);
#2613=LINE('',#3476,#3477);
#2614=VERTEX_POINT('',#3478);
#2615=LINE('',#3479,#3480);
#2616=LINE('',#3481,#3482);
#2617=VERTEX_POINT('',#3483);
#2618=LINE('',#3484,#3485);
#2619=VERTEX_POINT('',#3486);
#2620=LINE('',#3487,#3488);
#2621=LINE('',#3489,#3490);
#2622=VERTEX_POINT('',#3491);
#2623=LINE('',#3492,#3493);
#2624=VERTEX_POINT('',#3494);
#2625=LINE('',#3495,#3496);
#2626=LINE('',#3497,#3498);
#2627=VERTEX_POINT('',#3499);
#2628=LINE('',#3500,#3501);
#2629=VERTEX_POINT('',#3502);
#2630=LINE('',#3503,#3504);
#2631=LINE('',#3505,#3506);
#2632=VERTEX_POINT('',#3507);
#2633=LINE('',#3508,#3509);
#2634=VERTEX_POINT('',#3510);
#2635=LINE('',#3511,#3512);
#2636=LINE('',#3513,#3514);
#2637=VERTEX_POINT('',#3515);
#2638=LINE('',#3516,#3517);
#2639=VERTEX_POINT('',#3518);
#2640=LINE('',#3519,#3520);
#2641=LINE('',#3521,#3522);
#2642=VERTEX_POINT('',#3523);
#2643=LINE('',#3524,#3525);
#2644=VERTEX_POINT('',#3526);
#2645=LINE('',#3527,#3528);
#2646=LINE('',#3529,#3530);
#2647=VERTEX_POINT('',#3531);
#2648=LINE('',#3532,#3533);
#2649=VERTEX_POINT('',#3534);
#2650=LINE('',#3535,#3536);
#2651=LINE('',#3537,#3538);
#2652=VERTEX_POINT('',#3539);
#2653=LINE('',#3540,#3541);
#2654=VERTEX_POINT('',#3542);
#2655=LINE('',#3543,#3544);
#2656=LINE('',#3545,#3546);
#2657=VERTEX_POINT('',#3547);
#2658=LINE('',#3548,#3549);
#2659=VERTEX_POINT('',#3550);
#2660=LINE('',#3551,#3552);
#2661=LINE('',#3553,#3554);
#2662=VERTEX_POINT('',#3555);
#2663=LINE('',#3556,#3557);
#2664=VERTEX_POINT('',#3558);
#2665=LINE('',#3559,#3560);
#2666=LINE('',#3561,#3562);
#2667=VERTEX_POINT('',#3563);
#2668=LINE('',#3564,#3565);
#2669=VERTEX_POINT('',#3566);
#2670=LINE('',#3567,#3568);
#2671=LINE('',#3569,#3570);
#2672=VERTEX_POINT('',#3571);
#2673=LINE('',#3572,#3573);
#2674=VERTEX_POINT('',#3574);
#2675=LINE('',#3575,#3576);
#2676=LINE('',#3577,#3578);
#2677=VERTEX_POINT('',#3579);
#2678=LINE('',#3580,#3581);
#2679=VERTEX_POINT('',#3582);
#2680=LINE('',#3583,#3584);
#2681=LINE('',#3585,#3586);
#2682=VERTEX_POINT('',#3587);
#2683=LINE('',#3588,#3589);
#2684=VERTEX_POINT('',#3590);
#2685=LINE('',#3591,#3592);
#2686=LINE('',#3593,#3594);
#2687=VERTEX_POINT('',#3595);
#2688=LINE('',#3596,#3597);
#2689=VERTEX_POINT('',#3598);
#2690=LINE('',#3599,#3600);
#2691=LINE('',#3601,#3602);
#2692=VERTEX_POINT('',#3603);
#2693=LINE('',#3604,#3605);
#2694=VERTEX_POINT('',#3606);
#2695=LINE('',#3607,#3608);
#2696=LINE('',#3609,#3610);
#2697=VERTEX_POINT('',#3611);
#2698=LINE('',#3612,#3613);
#2699=VERTEX_POINT('',#3614);
#2700=LINE('',#3615,#3616);
#2701=LINE('',#3617,#3618);
#2702=VERTEX_POINT('',#3619);
#2703=LINE('',#3620,#3621);
#2704=VERTEX_POINT('',#3622);
#2705=LINE('',#3623,#3624);
#2706=LINE('',#3625,#3626);
#2707=VERTEX_POINT('',#3627);
#2708=LINE('',#3628,#3629);
#2709=VERTEX_POINT('',#3630);
#2710=LINE('',#3631,#3632);
#2711=LINE('',#3633,#3634);
#2712=VERTEX_POINT('',#3635);
#2713=LINE('',#3636,#3637);
#2714=VERTEX_POINT('',#3638);
#2715=LINE('',#3639,#3640);
#2716=LINE('',#3641,#3642);
#2717=VERTEX_POINT('',#3643);
#2718=LINE('',#3644,#3645);
#2719=VERTEX_POINT('',#3646);
#2720=LINE('',#3647,#3648);
#2721=LINE('',#3649,#3650);
#2722=VERTEX_POINT('',#3651);
#2723=LINE('',#3652,#3653);
#2724=VERTEX_POINT('',#3654);
#2725=LINE('',#3655,#3656);
#2726=LINE('',#3657,#3658);
#2727=VERTEX_POINT('',#3659);
#2728=LINE('',#3660,#3661);
#2729=VERTEX_POINT('',#3662);
#2730=LINE('',#3663,#3664);
#2731=LINE('',#3665,#3666);
#2732=VERTEX_POINT('',#3667);
#2733=LINE('',#3668,#3669);
#2734=VERTEX_POINT('',#3670);
#2735=LINE('',#3671,#3672);
#2736=LINE('',#3673,#3674);
#2737=VERTEX_POINT('',#3675);
#2738=LINE('',#3676,#3677);
#2739=VERTEX_POINT('',#3678);
#2740=LINE('',#3679,#3680);
#2741=LINE('',#3681,#3682);
#2742=VERTEX_POINT('',#3683);
#2743=LINE('',#3684,#3685);
#2744=VERTEX_POINT('',#3686);
#2745=LINE('',#3687,#3688);
#2746=LINE('',#3689,#3690);
#2747=VERTEX_POINT('',#3691);
#2748=LINE('',#3692,#3693);
#2749=VERTEX_POINT('',#3694);
#2750=LINE('',#3695,#3696);
#2751=LINE('',#3697,#3698);
#2752=VERTEX_POINT('',#3699);
#2753=LINE('',#3700,#3701);
#2754=VERTEX_POINT('',#3702);
#2755=LINE('',#3703,#3704);
#2756=LINE('',#3705,#3706);
#2757=VERTEX_POINT('',#3707);
#2758=LINE('',#3708,#3709);
#2759=VERTEX_POINT('',#3710);
#2760=LINE('',#3711,#3712);
#2761=LINE('',#3713,#3714);
#2762=VERTEX_POINT('',#3715);
#2763=LINE('',#3716,#3717);
#2764=VERTEX_POINT('',#3718);
#2765=LINE('',#3719,#3720);
#2766=LINE('',#3721,#3722);
#2767=VERTEX_POINT('',#3723);
#2768=LINE('',#3724,#3725);
#2769=VERTEX_POINT('',#3726);
#2770=LINE('',#3727,#3728);
#2771=LINE('',#3729,#3730);
#2772=VERTEX_POINT('',#3731);
#2773=LINE('',#3732,#3733);
#2774=VERTEX_POINT('',#3734);
#2775=LINE('',#3735,#3736);
#2776=LINE('',#3737,#3738);
#2777=VERTEX_POINT('',#3739);
#2778=LINE('',#3740,#3741);
#2779=VERTEX_POINT('',#3742);
#2780=LINE('',#3743,#3744);
#2781=LINE('',#3745,#3746);
#2782=VERTEX_POINT('',#3747);
#2783=LINE('',#3748,#3749);
#2784=VERTEX_POINT('',#3750);
#2785=LINE('',#3751,#3752);
#2786=LINE('',#3753,#3754);
#2787=VERTEX_POINT('',#3755);
#2788=LINE('',#3756,#3757);
#2789=VERTEX_POINT('',#3758);
#2790=LINE('',#3759,#3760);
#2791=LINE('',#3761,#3762);
#2792=VERTEX_POINT('',#3763);
#2793=LINE('',#3764,#3765);
#2794=VERTEX_POINT('',#3766);
#2795=LINE('',#3767,#3768);
#2796=LINE('',#3769,#3770);
#2797=VERTEX_POINT('',#3771);
#2798=LINE('',#3772,#3773);
#2799=VERTEX_POINT('',#3774);
#2800=LINE('',#3775,#3776);
#2801=LINE('',#3777,#3778);
#2802=VERTEX_POINT('',#3779);
#2803=LINE('',#3780,#3781);
#2804=VERTEX_POINT('',#3782);
#2805=LINE('',#3783,#3784);
#2806=LINE('',#3785,#3786);
#2807=VERTEX_POINT('',#3787);
#2808=LINE('',#3788,#3789);
#2809=VERTEX_POINT('',#3790);
#2810=LINE('',#3791,#3792);
#2811=LINE('',#3793,#3794);
#2812=VERTEX_POINT('',#3795);
#2813=LINE('',#3796,#3797);
#2814=VERTEX_POINT('',#3798);
#2815=LINE('',#3799,#3800);
#2816=LINE('',#3801,#3802);
#2817=VERTEX_POINT('',#3803);
#2818=LINE('',#3804,#3805);
#2819=VERTEX_POINT('',#3806);
#2820=LINE('',#3807,#3808);
#2821=LINE('',#3809,#3810);
#2822=VERTEX_POINT('',#3811);
#2823=LINE('',#3812,#3813);
#2824=VERTEX_POINT('',#3814);
#2825=LINE('',#3815,#3816);
#2826=LINE('',#3817,#3818);
#2827=VERTEX_POINT('',#3819);
#2828=LINE('',#3820,#3821);
#2829=VERTEX_POINT('',#3822);
#2830=LINE('',#3823,#3824);
#2831=LINE('',#3825,#3826);
#2832=VERTEX_POINT('',#3827);
#2833=LINE('',#3828,#3829);
#2834=VERTEX_POINT('',#3830);
#2835=LINE('',#3831,#3832);
#2836=LINE('',#3833,#3834);
#2837=VERTEX_POINT('',#3835);
#2838=LINE('',#3836,#3837);
#2839=VERTEX_POINT('',#3838);
#2840=LINE('',#3839,#3840);
#2841=LINE('',#3841,#3842);
#2842=VERTEX_POINT('',#3843);
#2843=LINE('',#3844,#3845);
#2844=VERTEX_POINT('',#3846);
#2845=LINE('',#3847,#3848);
#2846=LINE('',#3849,#3850);
#2847=VERTEX_POINT('',#3851);
#2848=LINE('',#3852,#3853);
#2849=VERTEX_POINT('',#3854);
#2850=LINE('',#3855,#3856);
#2851=LINE('',#3857,#3858);
#2852=VERTEX_POINT('',#3859);
#2853=LINE('',#3860,#3861);
#2854=VERTEX_POINT('',#3862);
#2855=LINE('',#3863,#3864);
#2856=LINE('',#3865,#3866);
#2857=VERTEX_POINT('',#3867);
#2858=LINE('',#3868,#3869);
#2859=VERTEX_POINT('',#3870);
#2860=LINE('',#3871,#3872);
#2861=LINE('',#3873,#3874);
#2862=VERTEX_POINT('',#3875);
#2863=LINE('',#3876,#3877);
#2864=VERTEX_POINT('',#3878);
#2865=LINE('',#3879,#3880);
#2866=LINE('',#3881,#3882);
#2867=VERTEX_POINT('',#3883);
#2868=LINE('',#3884,#3885);
#2869=VERTEX_POINT('',#3886);
#2870=LINE('',#3887,#3888);
#2871=LINE('',#3889,#3890);
#2872=VERTEX_POINT('',#3891);
#2873=LINE('',#3892,#3893);
#2874=VERTEX_POINT('',#3894);
#2875=LINE('',#3895,#3896);
#2876=LINE('',#3897,#3898);
#2877=LINE('',#3899,#3900);
#2878=LINE('',#3901,#3902);
#2879=CARTESIAN_POINT('',(8.45000000000002,19.0,1000.0));
#2880=CARTESIAN_POINT('',(8.45000000000002,15.0,1000.0));
#2881=CARTESIAN_POINT('',(8.45000000000002,19.0,1000.0));
#2882=VECTOR('',#3903,1.0);
#2883=CARTESIAN_POINT('',(8.45000000000002,15.0,0.0));
#2884=CARTESIAN_POINT('',(8.45000000000002,15.0,0.0));
#2885=VECTOR('',#3904,1.0);
#2886=CARTESIAN_POINT('',(8.45000000000002,19.0,0.0));
#2887=CARTESIAN_POINT('',(8.45000000000002,19.0,0.0));
#2888=VECTOR('',#3905,1.0);
#2889=CARTESIAN_POINT('',(8.45000000000002,19.0,0.0));
#2890=VECTOR('',#3906,1.0);
#2891=CARTESIAN_POINT('',(5.25,15.0,1000.0));
#2892=CARTESIAN_POINT('',(8.45000000000002,15.0,1000.0));
#2893=VECTOR('',#3907,1.0);
#2894=CARTESIAN_POINT('',(5.25,15.0,0.0));
#2895=CARTESIAN_POINT('',(5.25,15.0,0.0));
#2896=VECTOR('',#3908,1.0);
#2897=CARTESIAN_POINT('',(8.45000000000002,15.0,0.0));
#2898=VECTOR('',#3909,1.0);
#2899=CARTESIAN_POINT('',(5.25,8.0,1000.0));
#2900=CARTESIAN_POINT('',(5.25,15.0,1000.0));
#2901=VECTOR('',#3910,1.0);
#2902=CARTESIAN_POINT('',(5.25,8.0,0.0));
#2903=CARTESIAN_POINT('',(5.25,8.0,0.0));
#2904=VECTOR('',#3911,1.0);
#2905=CARTESIAN_POINT('',(5.25,15.0,0.0));
#2906=VECTOR('',#3912,1.0);
#2907=CARTESIAN_POINT('',(19.75,8.0,1000.0));
#2908=CARTESIAN_POINT('',(5.25,8.0,1000.0));
#2909=VECTOR('',#3913,1.0);
#2910=CARTESIAN_POINT('',(19.75,8.0,0.0));
#2911=CARTESIAN_POINT('',(19.75,8.0,0.0));
#2912=VECTOR('',#3914,1.0);
#2913=CARTESIAN_POINT('',(5.25,8.0,0.0));
#2914=VECTOR('',#3915,1.0);
#2915=CARTESIAN_POINT('',(19.75,15.0,1000.0));
#2916=CARTESIAN_POINT('',(19.75,8.0,1000.0));
#2917=VECTOR('',#3916,1.0);
#2918=CARTESIAN_POINT('',(19.75,15.0,0.0));
#2919=CARTESIAN_POINT('',(19.75,15.0,0.0));
#2920=VECTOR('',#3917,1.0);
#2921=CARTESIAN_POINT('',(19.75,8.0,0.0));
#2922=VECTOR('',#3918,1.0);
#2923=CARTESIAN_POINT('',(16.55,15.0,1000.0));
#2924=CARTESIAN_POINT('',(19.75,15.0,1000.0));
#2925=VECTOR('',#3919,1.0);
#2926=CARTESIAN_POINT('',(16.55,15.0,0.0));
#2927=CARTESIAN_POINT('',(16.55,15.0,0.0));
#2928=VECTOR('',#3920,1.0);
#2929=CARTESIAN_POINT('',(19.75,15.0,0.0));
#2930=VECTOR('',#3921,1.0);
#2931=CARTESIAN_POINT('',(16.55,19.0,1000.0));
#2932=CARTESIAN_POINT('',(16.55,15.0,1000.0));
#2933=VECTOR('',#3922,1.0);
#2934=CARTESIAN_POINT('',(16.55,19.0,0.0));
#2935=CARTESIAN_POINT('',(16.55,19.0,0.0));
#2936=VECTOR('',#3923,1.0);
#2937=CARTESIAN_POINT('',(16.55,15.0,0.0));
#2938=VECTOR('',#3924,1.0);
#2939=CARTESIAN_POINT('',(17.55,20.0,1000.0));
#2940=CARTESIAN_POINT('',(16.55,19.0,1000.0));
#2941=VECTOR('',#3925,1.0);
#2942=CARTESIAN_POINT('',(17.55,20.0,0.0));
#2943=CARTESIAN_POINT('',(17.55,20.0,0.0));
#2944=VECTOR('',#3926,1.0);
#2945=CARTESIAN_POINT('',(16.55,19.0,0.0));
#2946=VECTOR('',#3927,1.0);
#2947=CARTESIAN_POINT('',(32.45,20.0,1000.0));
#2948=CARTESIAN_POINT('',(32.45,20.0,1000.0));
#2949=VECTOR('',#3928,1.0);
#2950=CARTESIAN_POINT('',(32.45,20.0,0.0));
#2951=CARTESIAN_POINT('',(32.45,20.0,0.0));
#2952=VECTOR('',#3929,1.0);
#2953=CARTESIAN_POINT('',(32.45,20.0,0.0));
#2954=VECTOR('',#3930,1.0);
#2955=CARTESIAN_POINT('',(33.45,19.0,1000.0));
#2956=CARTESIAN_POINT('',(32.45,20.0,1000.0));
#2957=VECTOR('',#3931,1.0);
#2958=CARTESIAN_POINT('',(33.45,19.0,0.0));
#2959=CARTESIAN_POINT('',(33.45,19.0,0.0));
#2960=VECTOR('',#3932,1.0);
#2961=CARTESIAN_POINT('',(32.45,20.0,0.0));
#2962=VECTOR('',#3933,1.0);
#2963=CARTESIAN_POINT('',(33.45,15.0,1000.0));
#2964=CARTESIAN_POINT('',(33.45,19.0,1000.0));
#2965=VECTOR('',#3934,1.0);
#2966=CARTESIAN_POINT('',(33.45,15.0,0.0));
#2967=CARTESIAN_POINT('',(33.45,15.0,0.0));
#2968=VECTOR('',#3935,1.0);
#2969=CARTESIAN_POINT('',(33.45,19.0,0.0));
#2970=VECTOR('',#3936,1.0);
#2971=CARTESIAN_POINT('',(30.25,15.0,1000.0));
#2972=CARTESIAN_POINT('',(33.45,15.0,1000.0));
#2973=VECTOR('',#3937,1.0);
#2974=CARTESIAN_POINT('',(30.25,15.0,0.0));
#2975=CARTESIAN_POINT('',(30.25,15.0,0.0));
#2976=VECTOR('',#3938,1.0);
#2977=CARTESIAN_POINT('',(33.45,15.0,0.0));
#2978=VECTOR('',#3939,1.0);
#2979=CARTESIAN_POINT('',(30.25,8.0,1000.0));
#2980=CARTESIAN_POINT('',(30.25,15.0,1000.0));
#2981=VECTOR('',#3940,1.0);
#2982=CARTESIAN_POINT('',(30.25,8.0,0.0));
#2983=CARTESIAN_POINT('',(30.25,8.0,0.0));
#2984=VECTOR('',#3941,1.0);
#2985=CARTESIAN_POINT('',(30.25,15.0,0.0));
#2986=VECTOR('',#3942,1.0);
#2987=CARTESIAN_POINT('',(44.75,8.0,1000.0));
#2988=CARTESIAN_POINT('',(30.25,8.0,1000.0));
#2989=VECTOR('',#3943,1.0);
#2990=CARTESIAN_POINT('',(44.75,8.0,0.0));
#2991=CARTESIAN_POINT('',(44.75,8.0,0.0));
#2992=VECTOR('',#3944,1.0);
#2993=CARTESIAN_POINT('',(30.25,8.0,0.0));
#2994=VECTOR('',#3945,1.0);
#2995=CARTESIAN_POINT('',(44.75,15.0,1000.0));
#2996=CARTESIAN_POINT('',(44.75,8.0,1000.0));
#2997=VECTOR('',#3946,1.0);
#2998=CARTESIAN_POINT('',(44.75,15.0,0.0));
#2999=CARTESIAN_POINT('',(44.75,15.0,0.0));
#3000=VECTOR('',#3947,1.0);
#3001=CARTESIAN_POINT('',(44.75,8.0,0.0));
#3002=VECTOR('',#3948,1.0);
#3003=CARTESIAN_POINT('',(41.55,15.0,1000.0));
#3004=CARTESIAN_POINT('',(44.75,15.0,1000.0));
#3005=VECTOR('',#3949,1.0);
#3006=CARTESIAN_POINT('',(41.55,15.0,0.0));
#3007=CARTESIAN_POINT('',(41.55,15.0,0.0));
#3008=VECTOR('',#3950,1.0);
#3009=CARTESIAN_POINT('',(44.75,15.0,0.0));
#3010=VECTOR('',#3951,1.0);
#3011=CARTESIAN_POINT('',(41.55,19.0,1000.0));
#3012=CARTESIAN_POINT('',(41.55,15.0,1000.0));
#3013=VECTOR('',#3952,1.0);
#3014=CARTESIAN_POINT('',(41.55,19.0,0.0));
#3015=CARTESIAN_POINT('',(41.55,19.0,0.0));
#3016=VECTOR('',#3953,1.0);
#3017=CARTESIAN_POINT('',(41.55,15.0,0.0));
#3018=VECTOR('',#3954,1.0);
#3019=CARTESIAN_POINT('',(42.55,20.0,1000.0));
#3020=CARTESIAN_POINT('',(41.55,19.0,1000.0));
#3021=VECTOR('',#3955,1.0);
#3022=CARTESIAN_POINT('',(42.55,20.0,0.0));
#3023=CARTESIAN_POINT('',(42.55,20.0,0.0));
#3024=VECTOR('',#3956,1.0);
#3025=CARTESIAN_POINT('',(41.55,19.0,0.0));
#3026=VECTOR('',#3957,1.0);
#3027=CARTESIAN_POINT('',(57.45,20.0,1000.0));
#3028=CARTESIAN_POINT('',(57.45,20.0,1000.0));
#3029=VECTOR('',#3958,1.0);
#3030=CARTESIAN_POINT('',(57.45,20.0,0.0));
#3031=CARTESIAN_POINT('',(57.45,20.0,0.0));
#3032=VECTOR('',#3959,1.0);
#3033=CARTESIAN_POINT('',(57.45,20.0,0.0));
#3034=VECTOR('',#3960,1.0);
#3035=CARTESIAN_POINT('',(58.45,19.0,1000.0));
#3036=CARTESIAN_POINT('',(57.45,20.0,1000.0));
#3037=VECTOR('',#3961,1.0);
#3038=CARTESIAN_POINT('',(58.45,19.0,0.0));
#3039=CARTESIAN_POINT('',(58.45,19.0,0.0));
#3040=VECTOR('',#3962,1.0);
#3041=CARTESIAN_POINT('',(57.45,20.0,0.0));
#3042=VECTOR('',#3963,1.0);
#3043=CARTESIAN_POINT('',(58.45,15.0,1000.0));
#3044=CARTESIAN_POINT('',(58.45,19.0,1000.0));
#3045=VECTOR('',#3964,1.0);
#3046=CARTESIAN_POINT('',(58.45,15.0,0.0));
#3047=CARTESIAN_POINT('',(58.45,15.0,0.0));
#3048=VECTOR('',#3965,1.0);
#3049=CARTESIAN_POINT('',(58.45,19.0,0.0));
#3050=VECTOR('',#3966,1.0);
#3051=CARTESIAN_POINT('',(55.25,15.0,1000.0));
#3052=CARTESIAN_POINT('',(58.45,15.0,1000.0));
#3053=VECTOR('',#3967,1.0);
#3054=CARTESIAN_POINT('',(55.25,15.0,0.0));
#3055=CARTESIAN_POINT('',(55.25,15.0,0.0));
#3056=VECTOR('',#3968,1.0);
#3057=CARTESIAN_POINT('',(58.45,15.0,0.0));
#3058=VECTOR('',#3969,1.0);
#3059=CARTESIAN_POINT('',(55.25,8.0,1000.0));
#3060=CARTESIAN_POINT('',(55.25,15.0,1000.0));
#3061=VECTOR('',#3970,1.0);
#3062=CARTESIAN_POINT('',(55.25,8.0,0.0));
#3063=CARTESIAN_POINT('',(55.25,8.0,0.0));
#3064=VECTOR('',#3971,1.0);
#3065=CARTESIAN_POINT('',(55.25,15.0,0.0));
#3066=VECTOR('',#3972,1.0);
#3067=CARTESIAN_POINT('',(69.75,8.0,1000.0));
#3068=CARTESIAN_POINT('',(55.25,8.0,1000.0));
#3069=VECTOR('',#3973,1.0);
#3070=CARTESIAN_POINT('',(69.75,8.0,0.0));
#3071=CARTESIAN_POINT('',(69.75,8.0,0.0));
#3072=VECTOR('',#3974,1.0);
#3073=CARTESIAN_POINT('',(55.25,8.0,0.0));
#3074=VECTOR('',#3975,1.0);
#3075=CARTESIAN_POINT('',(69.75,15.0,1000.0));
#3076=CARTESIAN_POINT('',(69.75,8.0,1000.0));
#3077=VECTOR('',#3976,1.0);
#3078=CARTESIAN_POINT('',(69.75,15.0,0.0));
#3079=CARTESIAN_POINT('',(69.75,15.0,0.0));
#3080=VECTOR('',#3977,1.0);
#3081=CARTESIAN_POINT('',(69.75,8.0,0.0));
#3082=VECTOR('',#3978,1.0);
#3083=CARTESIAN_POINT('',(66.55,15.0,1000.0));
#3084=CARTESIAN_POINT('',(69.75,15.0,1000.0));
#3085=VECTOR('',#3979,1.0);
#3086=CARTESIAN_POINT('',(66.55,15.0,0.0));
#3087=CARTESIAN_POINT('',(66.55,15.0,0.0));
#3088=VECTOR('',#3980,1.0);
#3089=CARTESIAN_POINT('',(69.75,15.0,0.0));
#3090=VECTOR('',#3981,1.0);
#3091=CARTESIAN_POINT('',(66.55,19.0,1000.0));
#3092=CARTESIAN_POINT('',(66.55,15.0,1000.0));
#3093=VECTOR('',#3982,1.0);
#3094=CARTESIAN_POINT('',(66.55,19.0,0.0));
#3095=CARTESIAN_POINT('',(66.55,19.0,0.0));
#3096=VECTOR('',#3983,1.0);
#3097=CARTESIAN_POINT('',(66.55,15.0,0.0));
#3098=VECTOR('',#3984,1.0);
#3099=CARTESIAN_POINT('',(67.55,20.0,1000.0));
#3100=CARTESIAN_POINT('',(66.55,19.0,1000.0));
#3101=VECTOR('',#3985,1.0);
#3102=CARTESIAN_POINT('',(67.55,20.0,0.0));
#3103=CARTESIAN_POINT('',(67.55,20.0,0.0));
#3104=VECTOR('',#3986,1.0);
#3105=CARTESIAN_POINT('',(66.55,19.0,0.0));
#3106=VECTOR('',#3987,1.0);
#3107=CARTESIAN_POINT('',(82.45,20.0,1000.0));
#3108=CARTESIAN_POINT('',(82.45,20.0,1000.0));
#3109=VECTOR('',#3988,1.0);
#3110=CARTESIAN_POINT('',(82.45,20.0,0.0));
#3111=CARTESIAN_POINT('',(82.45,20.0,0.0));
#3112=VECTOR('',#3989,1.0);
#3113=CARTESIAN_POINT('',(82.45,20.0,0.0));
#3114=VECTOR('',#3990,1.0);
#3115=CARTESIAN_POINT('',(83.45,19.0,1000.0));
#3116=CARTESIAN_POINT('',(82.45,20.0,1000.0));
#3117=VECTOR('',#3991,1.0);
#3118=CARTESIAN_POINT('',(83.45,19.0,0.0));
#3119=CARTESIAN_POINT('',(83.45,19.0,0.0));
#3120=VECTOR('',#3992,1.0);
#3121=CARTESIAN_POINT('',(82.45,20.0,0.0));
#3122=VECTOR('',#3993,1.0);
#3123=CARTESIAN_POINT('',(83.45,15.0,1000.0));
#3124=CARTESIAN_POINT('',(83.45,19.0,1000.0));
#3125=VECTOR('',#3994,1.0);
#3126=CARTESIAN_POINT('',(83.45,15.0,0.0));
#3127=CARTESIAN_POINT('',(83.45,15.0,0.0));
#3128=VECTOR('',#3995,1.0);
#3129=CARTESIAN_POINT('',(83.45,19.0,0.0));
#3130=VECTOR('',#3996,1.0);
#3131=CARTESIAN_POINT('',(80.25,15.0,1000.0));
#3132=CARTESIAN_POINT('',(83.45,15.0,1000.0));
#3133=VECTOR('',#3997,1.0);
#3134=CARTESIAN_POINT('',(80.25,15.0,0.0));
#3135=CARTESIAN_POINT('',(80.25,15.0,0.0));
#3136=VECTOR('',#3998,1.0);
#3137=CARTESIAN_POINT('',(83.45,15.0,0.0));
#3138=VECTOR('',#3999,1.0);
#3139=CARTESIAN_POINT('',(80.25,8.0,1000.0));
#3140=CARTESIAN_POINT('',(80.25,15.0,1000.0));
#3141=VECTOR('',#4000,1.0);
#3142=CARTESIAN_POINT('',(80.25,8.0,0.0));
#3143=CARTESIAN_POINT('',(80.25,8.0,0.0));
#3144=VECTOR('',#4001,1.0);
#3145=CARTESIAN_POINT('',(80.25,15.0,0.0));
#3146=VECTOR('',#4002,1.0);
#3147=CARTESIAN_POINT('',(94.75,8.0,1000.0));
#3148=CARTESIAN_POINT('',(80.25,8.0,1000.0));
#3149=VECTOR('',#4003,1.0);
#3150=CARTESIAN_POINT('',(94.75,8.0,0.0));
#3151=CARTESIAN_POINT('',(94.75,8.0,0.0));
#3152=VECTOR('',#4004,1.0);
#3153=CARTESIAN_POINT('',(80.25,8.0,0.0));
#3154=VECTOR('',#4005,1.0);
#3155=CARTESIAN_POINT('',(94.75,15.0,1000.0));
#3156=CARTESIAN_POINT('',(94.75,8.0,1000.0));
#3157=VECTOR('',#4006,1.0);
#3158=CARTESIAN_POINT('',(94.75,15.0,0.0));
#3159=CARTESIAN_POINT('',(94.75,15.0,0.0));
#3160=VECTOR('',#4007,1.0);
#3161=CARTESIAN_POINT('',(94.75,8.0,0.0));
#3162=VECTOR('',#4008,1.0);
#3163=CARTESIAN_POINT('',(91.55,15.0,1000.0));
#3164=CARTESIAN_POINT('',(94.75,15.0,1000.0));
#3165=VECTOR('',#4009,1.0);
#3166=CARTESIAN_POINT('',(91.55,15.0,0.0));
#3167=CARTESIAN_POINT('',(91.55,15.0,0.0));
#3168=VECTOR('',#4010,1.0);
#3169=CARTESIAN_POINT('',(94.75,15.0,0.0));
#3170=VECTOR('',#4011,1.0);
#3171=CARTESIAN_POINT('',(91.55,19.0,1000.0));
#3172=CARTESIAN_POINT('',(91.55,15.0,1000.0));
#3173=VECTOR('',#4012,1.0);
#3174=CARTESIAN_POINT('',(91.55,19.0,0.0));
#3175=CARTESIAN_POINT('',(91.55,19.0,0.0));
#3176=VECTOR('',#4013,1.0);
#3177=CARTESIAN_POINT('',(91.55,15.0,0.0));
#3178=VECTOR('',#4014,1.0);
#3179=CARTESIAN_POINT('',(92.55,20.0,1000.0));
#3180=CARTESIAN_POINT('',(91.55,19.0,1000.0));
#3181=VECTOR('',#4015,1.0);
#3182=CARTESIAN_POINT('',(92.55,20.0,0.0));
#3183=CARTESIAN_POINT('',(92.55,20.0,0.0));
#3184=VECTOR('',#4016,1.0);
#3185=CARTESIAN_POINT('',(91.55,19.0,0.0));
#3186=VECTOR('',#4017,1.0);
#3187=CARTESIAN_POINT('',(107.45,20.0,1000.0));
#3188=CARTESIAN_POINT('',(107.45,20.0,1000.0));
#3189=VECTOR('',#4018,1.0);
#3190=CARTESIAN_POINT('',(107.45,20.0,0.0));
#3191=CARTESIAN_POINT('',(107.45,20.0,0.0));
#3192=VECTOR('',#4019,1.0);
#3193=CARTESIAN_POINT('',(107.45,20.0,0.0));
#3194=VECTOR('',#4020,1.0);
#3195=CARTESIAN_POINT('',(108.45,19.0,1000.0));
#3196=CARTESIAN_POINT('',(107.45,20.0,1000.0));
#3197=VECTOR('',#4021,1.0);
#3198=CARTESIAN_POINT('',(108.45,19.0,0.0));
#3199=CARTESIAN_POINT('',(108.45,19.0,0.0));
#3200=VECTOR('',#4022,1.0);
#3201=CARTESIAN_POINT('',(107.45,20.0,0.0));
#3202=VECTOR('',#4023,1.0);
#3203=CARTESIAN_POINT('',(108.45,15.0,1000.0));
#3204=CARTESIAN_POINT('',(108.45,19.0,1000.0));
#3205=VECTOR('',#4024,1.0);
#3206=CARTESIAN_POINT('',(108.45,15.0,0.0));
#3207=CARTESIAN_POINT('',(108.45,15.0,0.0));
#3208=VECTOR('',#4025,1.0);
#3209=CARTESIAN_POINT('',(108.45,19.0,0.0));
#3210=VECTOR('',#4026,1.0);
#3211=CARTESIAN_POINT('',(105.25,15.0,1000.0));
#3212=CARTESIAN_POINT('',(108.45,15.0,1000.0));
#3213=VECTOR('',#4027,1.0);
#3214=CARTESIAN_POINT('',(105.25,15.0,0.0));
#3215=CARTESIAN_POINT('',(105.25,15.0,0.0));
#3216=VECTOR('',#4028,1.0);
#3217=CARTESIAN_POINT('',(108.45,15.0,0.0));
#3218=VECTOR('',#4029,1.0);
#3219=CARTESIAN_POINT('',(105.25,8.0,1000.0));
#3220=CARTESIAN_POINT('',(105.25,15.0,1000.0));
#3221=VECTOR('',#4030,1.0);
#3222=CARTESIAN_POINT('',(105.25,8.0,0.0));
#3223=CARTESIAN_POINT('',(105.25,8.0,0.0));
#3224=VECTOR('',#4031,1.0);
#3225=CARTESIAN_POINT('',(105.25,15.0,0.0));
#3226=VECTOR('',#4032,1.0);
#3227=CARTESIAN_POINT('',(119.75,8.0,1000.0));
#3228=CARTESIAN_POINT('',(105.25,8.0,1000.0));
#3229=VECTOR('',#4033,1.0);
#3230=CARTESIAN_POINT('',(119.75,8.0,0.0));
#3231=CARTESIAN_POINT('',(119.75,8.0,0.0));
#3232=VECTOR('',#4034,1.0);
#3233=CARTESIAN_POINT('',(105.25,8.0,0.0));
#3234=VECTOR('',#4035,1.0);
#3235=CARTESIAN_POINT('',(119.75,15.0,1000.0));
#3236=CARTESIAN_POINT('',(119.75,8.0,1000.0));
#3237=VECTOR('',#4036,1.0);
#3238=CARTESIAN_POINT('',(119.75,15.0,0.0));
#3239=CARTESIAN_POINT('',(119.75,15.0,0.0));
#3240=VECTOR('',#4037,1.0);
#3241=CARTESIAN_POINT('',(119.75,8.0,0.0));
#3242=VECTOR('',#4038,1.0);
#3243=CARTESIAN_POINT('',(116.55,15.0,1000.0));
#3244=CARTESIAN_POINT('',(119.75,15.0,1000.0));
#3245=VECTOR('',#4039,1.0);
#3246=CARTESIAN_POINT('',(116.55,15.0,0.0));
#3247=CARTESIAN_POINT('',(116.55,15.0,0.0));
#3248=VECTOR('',#4040,1.0);
#3249=CARTESIAN_POINT('',(119.75,15.0,0.0));
#3250=VECTOR('',#4041,1.0);
#3251=CARTESIAN_POINT('',(116.55,19.0,1000.0));
#3252=CARTESIAN_POINT('',(116.55,15.0,1000.0));
#3253=VECTOR('',#4042,1.0);
#3254=CARTESIAN_POINT('',(116.55,19.0,0.0));
#3255=CARTESIAN_POINT('',(116.55,19.0,0.0));
#3256=VECTOR('',#4043,1.0);
#3257=CARTESIAN_POINT('',(116.55,15.0,0.0));
#3258=VECTOR('',#4044,1.0);
#3259=CARTESIAN_POINT('',(117.55,20.0,1000.0));
#3260=CARTESIAN_POINT('',(116.55,19.0,1000.0));
#3261=VECTOR('',#4045,1.0);
#3262=CARTESIAN_POINT('',(117.55,20.0,0.0));
#3263=CARTESIAN_POINT('',(117.55,20.0,0.0));
#3264=VECTOR('',#4046,1.0);
#3265=CARTESIAN_POINT('',(116.55,19.0,0.0));
#3266=VECTOR('',#4047,1.0);
#3267=CARTESIAN_POINT('',(124.0,20.0,1000.0));
#3268=CARTESIAN_POINT('',(124.0,20.0,1000.0));
#3269=VECTOR('',#4048,1.0);
#3270=CARTESIAN_POINT('',(124.0,20.0,0.0));
#3271=CARTESIAN_POINT('',(124.0,20.0,0.0));
#3272=VECTOR('',#4049,1.0);
#3273=CARTESIAN_POINT('',(124.0,20.0,0.0));
#3274=VECTOR('',#4050,1.0);
#3275=CARTESIAN_POINT('',(125.0,19.0,1000.0));
#3276=CARTESIAN_POINT('',(125.0,19.0,1000.0));
#3277=VECTOR('',#4051,1.0);
#3278=CARTESIAN_POINT('',(125.0,19.0,0.0));
#3279=CARTESIAN_POINT('',(125.0,19.0,0.0));
#3280=VECTOR('',#4052,1.0);
#3281=CARTESIAN_POINT('',(125.0,19.0,0.0));
#3282=VECTOR('',#4053,1.0);
#3283=CARTESIAN_POINT('',(125.0,1.0,1000.0));
#3284=CARTESIAN_POINT('',(125.0,1.0,1000.0));
#3285=VECTOR('',#4054,1.0);
#3286=CARTESIAN_POINT('',(125.0,1.0,0.0));
#3287=CARTESIAN_POINT('',(125.0,1.0,0.0));
#3288=VECTOR('',#4055,1.0);
#3289=CARTESIAN_POINT('',(125.0,1.0,0.0));
#3290=VECTOR('',#4056,1.0);
#3291=CARTESIAN_POINT('',(124.0,0.0,1000.0));
#3292=CARTESIAN_POINT('',(124.0,0.0,1000.0));
#3293=VECTOR('',#4057,1.0);
#3294=CARTESIAN_POINT('',(124.0,0.0,0.0));
#3295=CARTESIAN_POINT('',(124.0,0.0,0.0));
#3296=VECTOR('',#4058,1.0);
#3297=CARTESIAN_POINT('',(124.0,0.0,0.0));
#3298=VECTOR('',#4059,1.0);
#3299=CARTESIAN_POINT('',(102.5,0.0,1000.0));
#3300=CARTESIAN_POINT('',(102.5,0.0,1000.0));
#3301=VECTOR('',#4060,1.0);
#3302=CARTESIAN_POINT('',(102.5,0.0,0.0));
#3303=CARTESIAN_POINT('',(102.5,0.0,0.0));
#3304=VECTOR('',#4061,1.0);
#3305=CARTESIAN_POINT('',(102.5,0.0,0.0));
#3306=VECTOR('',#4062,1.0);
#3307=CARTESIAN_POINT('',(101.0,1.5,1000.0));
#3308=CARTESIAN_POINT('',(101.0,1.5,1000.0));
#3309=VECTOR('',#4063,1.0);
#3310=CARTESIAN_POINT('',(101.0,1.5,0.0));
#3311=CARTESIAN_POINT('',(101.0,1.5,0.0));
#3312=VECTOR('',#4064,1.0);
#3313=CARTESIAN_POINT('',(101.0,1.5,0.0));
#3314=VECTOR('',#4065,1.0);
#3315=CARTESIAN_POINT('',(99.0,1.5,1000.0));
#3316=CARTESIAN_POINT('',(101.0,1.5,1000.0));
#3317=VECTOR('',#4066,1.0);
#3318=CARTESIAN_POINT('',(99.0,1.5,0.0));
#3319=CARTESIAN_POINT('',(99.0,1.5,0.0));
#3320=VECTOR('',#4067,1.0);
#3321=CARTESIAN_POINT('',(101.0,1.5,0.0));
#3322=VECTOR('',#4068,1.0);
#3323=CARTESIAN_POINT('',(97.5,0.0,1000.0));
#3324=CARTESIAN_POINT('',(99.0,1.5,1000.0));
#3325=VECTOR('',#4069,1.0);
#3326=CARTESIAN_POINT('',(97.5,0.0,0.0));
#3327=CARTESIAN_POINT('',(97.5,0.0,0.0));
#3328=VECTOR('',#4070,1.0);
#3329=CARTESIAN_POINT('',(99.0,1.5,0.0));
#3330=VECTOR('',#4071,1.0);
#3331=CARTESIAN_POINT('',(52.5,0.0,1000.0));
#3332=CARTESIAN_POINT('',(52.5,0.0,1000.0));
#3333=VECTOR('',#4072,1.0);
#3334=CARTESIAN_POINT('',(52.5,0.0,0.0));
#3335=CARTESIAN_POINT('',(52.5,0.0,0.0));
#3336=VECTOR('',#4073,1.0);
#3337=CARTESIAN_POINT('',(52.5,0.0,0.0));
#3338=VECTOR('',#4074,1.0);
#3339=CARTESIAN_POINT('',(51.0,1.5,1000.0));
#3340=CARTESIAN_POINT('',(51.0,1.5,1000.0));
#3341=VECTOR('',#4075,1.0);
#3342=CARTESIAN_POINT('',(51.0,1.5,0.0));
#3343=CARTESIAN_POINT('',(51.0,1.5,0.0));
#3344=VECTOR('',#4076,1.0);
#3345=CARTESIAN_POINT('',(51.0,1.5,0.0));
#3346=VECTOR('',#4077,1.0);
#3347=CARTESIAN_POINT('',(49.0,1.5,1000.0));
#3348=CARTESIAN_POINT('',(51.0,1.5,1000.0));
#3349=VECTOR('',#4078,1.0);
#3350=CARTESIAN_POINT('',(49.0,1.5,0.0));
#3351=CARTESIAN_POINT('',(49.0,1.5,0.0));
#3352=VECTOR('',#4079,1.0);
#3353=CARTESIAN_POINT('',(51.0,1.5,0.0));
#3354=VECTOR('',#4080,1.0);
#3355=CARTESIAN_POINT('',(47.5,0.0,1000.0));
#3356=CARTESIAN_POINT('',(49.0,1.5,1000.0));
#3357=VECTOR('',#4081,1.0);
#3358=CARTESIAN_POINT('',(47.5,0.0,0.0));
#3359=CARTESIAN_POINT('',(47.5,0.0,0.0));
#3360=VECTOR('',#4082,1.0);
#3361=CARTESIAN_POINT('',(49.0,1.5,0.0));
#3362=VECTOR('',#4083,1.0);
#3363=CARTESIAN_POINT('',(2.5,0.0,1000.0));
#3364=CARTESIAN_POINT('',(2.5,0.0,1000.0));
#3365=VECTOR('',#4084,1.0);
#3366=CARTESIAN_POINT('',(2.5,0.0,0.0));
#3367=CARTESIAN_POINT('',(2.5,0.0,0.0));
#3368=VECTOR('',#4085,1.0);
#3369=CARTESIAN_POINT('',(2.5,0.0,0.0));
#3370=VECTOR('',#4086,1.0);
#3371=CARTESIAN_POINT('',(1.0,1.5,1000.0));
#3372=CARTESIAN_POINT('',(1.0,1.5,1000.0));
#3373=VECTOR('',#4087,1.0);
#3374=CARTESIAN_POINT('',(1.0,1.5,0.0));
#3375=CARTESIAN_POINT('',(1.0,1.5,0.0));
#3376=VECTOR('',#4088,1.0);
#3377=CARTESIAN_POINT('',(1.0,1.5,0.0));
#3378=VECTOR('',#4089,1.0);
#3379=CARTESIAN_POINT('',(-1.0,1.5,1000.0));
#3380=CARTESIAN_POINT('',(1.0,1.5,1000.0));
#3381=VECTOR('',#4090,1.0);
#3382=CARTESIAN_POINT('',(-1.0,1.5,0.0));
#3383=CARTESIAN_POINT('',(-1.0,1.5,0.0));
#3384=VECTOR('',#4091,1.0);
#3385=CARTESIAN_POINT('',(1.0,1.5,0.0));
#3386=VECTOR('',#4092,1.0);
#3387=CARTESIAN_POINT('',(-2.5,0.0,1000.0));
#3388=CARTESIAN_POINT('',(-1.0,1.5,1000.0));
#3389=VECTOR('',#4093,1.0);
#3390=CARTESIAN_POINT('',(-2.5,0.0,0.0));
#3391=CARTESIAN_POINT('',(-2.5,0.0,0.0));
#3392=VECTOR('',#4094,1.0);
#3393=CARTESIAN_POINT('',(-1.0,1.5,0.0));
#3394=VECTOR('',#4095,1.0);
#3395=CARTESIAN_POINT('',(-47.5,0.0,1000.0));
#3396=CARTESIAN_POINT('',(-2.5,0.0,1000.0));
#3397=VECTOR('',#4096,1.0);
#3398=CARTESIAN_POINT('',(-47.5,0.0,0.0));
#3399=CARTESIAN_POINT('',(-47.5,0.0,0.0));
#3400=VECTOR('',#4097,1.0);
#3401=CARTESIAN_POINT('',(-2.5,0.0,0.0));
#3402=VECTOR('',#4098,1.0);
#3403=CARTESIAN_POINT('',(-49.0,1.5,1000.0));
#3404=CARTESIAN_POINT('',(-49.0,1.5,1000.0));
#3405=VECTOR('',#4099,1.0);
#3406=CARTESIAN_POINT('',(-49.0,1.5,0.0));
#3407=CARTESIAN_POINT('',(-49.0,1.5,0.0));
#3408=VECTOR('',#4100,1.0);
#3409=CARTESIAN_POINT('',(-49.0,1.5,0.0));
#3410=VECTOR('',#4101,1.0);
#3411=CARTESIAN_POINT('',(-51.0,1.5,1000.0));
#3412=CARTESIAN_POINT('',(-51.0,1.5,1000.0));
#3413=VECTOR('',#4102,1.0);
#3414=CARTESIAN_POINT('',(-51.0,1.5,0.0));
#3415=CARTESIAN_POINT('',(-51.0,1.5,0.0));
#3416=VECTOR('',#4103,1.0);
#3417=CARTESIAN_POINT('',(-51.0,1.5,0.0));
#3418=VECTOR('',#4104,1.0);
#3419=CARTESIAN_POINT('',(-52.5,0.0,1000.0));
#3420=CARTESIAN_POINT('',(-51.0,1.5,1000.0));
#3421=VECTOR('',#4105,1.0);
#3422=CARTESIAN_POINT('',(-52.5,0.0,0.0));
#3423=CARTESIAN_POINT('',(-52.5,0.0,0.0));
#3424=VECTOR('',#4106,1.0);
#3425=CARTESIAN_POINT('',(-51.0,1.5,0.0));
#3426=VECTOR('',#4107,1.0);
#3427=CARTESIAN_POINT('',(-97.5,0.0,1000.0));
#3428=CARTESIAN_POINT('',(-52.5,0.0,1000.0));
#3429=VECTOR('',#4108,1.0);
#3430=CARTESIAN_POINT('',(-97.5,0.0,0.0));
#3431=CARTESIAN_POINT('',(-97.5,0.0,0.0));
#3432=VECTOR('',#4109,1.0);
#3433=CARTESIAN_POINT('',(-52.5,0.0,0.0));
#3434=VECTOR('',#4110,1.0);
#3435=CARTESIAN_POINT('',(-99.0,1.5,1000.0));
#3436=CARTESIAN_POINT('',(-99.0,1.5,1000.0));
#3437=VECTOR('',#4111,1.0);
#3438=CARTESIAN_POINT('',(-99.0,1.5,0.0));
#3439=CARTESIAN_POINT('',(-99.0,1.5,0.0));
#3440=VECTOR('',#4112,1.0);
#3441=CARTESIAN_POINT('',(-99.0,1.5,0.0));
#3442=VECTOR('',#4113,1.0);
#3443=CARTESIAN_POINT('',(-101.0,1.5,1000.0));
#3444=CARTESIAN_POINT('',(-101.0,1.5,1000.0));
#3445=VECTOR('',#4114,1.0);
#3446=CARTESIAN_POINT('',(-101.0,1.5,0.0));
#3447=CARTESIAN_POINT('',(-101.0,1.5,0.0));
#3448=VECTOR('',#4115,1.0);
#3449=CARTESIAN_POINT('',(-101.0,1.5,0.0));
#3450=VECTOR('',#4116,1.0);
#3451=CARTESIAN_POINT('',(-102.5,0.0,1000.0));
#3452=CARTESIAN_POINT('',(-101.0,1.5,1000.0));
#3453=VECTOR('',#4117,1.0);
#3454=CARTESIAN_POINT('',(-102.5,0.0,0.0));
#3455=CARTESIAN_POINT('',(-102.5,0.0,0.0));
#3456=VECTOR('',#4118,1.0);
#3457=CARTESIAN_POINT('',(-101.0,1.5,0.0));
#3458=VECTOR('',#4119,1.0);
#3459=CARTESIAN_POINT('',(-124.0,0.0,1000.0));
#3460=CARTESIAN_POINT('',(-102.5,0.0,1000.0));
#3461=VECTOR('',#4120,1.0);
#3462=CARTESIAN_POINT('',(-124.0,0.0,0.0));
#3463=CARTESIAN_POINT('',(-124.0,0.0,0.0));
#3464=VECTOR('',#4121,1.0);
#3465=CARTESIAN_POINT('',(-102.5,0.0,0.0));
#3466=VECTOR('',#4122,1.0);
#3467=CARTESIAN_POINT('',(-125.0,1.0,1000.0));
#3468=CARTESIAN_POINT('',(-124.0,0.0,1000.0));
#3469=VECTOR('',#4123,1.0);
#3470=CARTESIAN_POINT('',(-125.0,1.0,0.0));
#3471=CARTESIAN_POINT('',(-125.0,1.0,0.0));
#3472=VECTOR('',#4124,1.0);
#3473=CARTESIAN_POINT('',(-124.0,0.0,0.0));
#3474=VECTOR('',#4125,1.0);
#3475=CARTESIAN_POINT('',(-125.0,19.0,1000.0));
#3476=CARTESIAN_POINT('',(-125.0,1.0,1000.0));
#3477=VECTOR('',#4126,1.0);
#3478=CARTESIAN_POINT('',(-125.0,19.0,0.0));
#3479=CARTESIAN_POINT('',(-125.0,19.0,0.0));
#3480=VECTOR('',#4127,1.0);
#3481=CARTESIAN_POINT('',(-125.0,1.0,0.0));
#3482=VECTOR('',#4128,1.0);
#3483=CARTESIAN_POINT('',(-124.0,20.0,1000.0));
#3484=CARTESIAN_POINT('',(-125.0,19.0,1000.0));
#3485=VECTOR('',#4129,1.0);
#3486=CARTESIAN_POINT('',(-124.0,20.0,0.0));
#3487=CARTESIAN_POINT('',(-124.0,20.0,0.0));
#3488=VECTOR('',#4130,1.0);
#3489=CARTESIAN_POINT('',(-125.0,19.0,0.0));
#3490=VECTOR('',#4131,1.0);
#3491=CARTESIAN_POINT('',(-117.55,20.0,1000.0));
#3492=CARTESIAN_POINT('',(-124.0,20.0,1000.0));
#3493=VECTOR('',#4132,1.0);
#3494=CARTESIAN_POINT('',(-117.55,20.0,0.0));
#3495=CARTESIAN_POINT('',(-117.55,20.0,0.0));
#3496=VECTOR('',#4133,1.0);
#3497=CARTESIAN_POINT('',(-124.0,20.0,0.0));
#3498=VECTOR('',#4134,1.0);
#3499=CARTESIAN_POINT('',(-116.55,19.0,1000.0));
#3500=CARTESIAN_POINT('',(-116.55,19.0,1000.0));
#3501=VECTOR('',#4135,1.0);
#3502=CARTESIAN_POINT('',(-116.55,19.0,0.0));
#3503=CARTESIAN_POINT('',(-116.55,19.0,0.0));
#3504=VECTOR('',#4136,1.0);
#3505=CARTESIAN_POINT('',(-116.55,19.0,0.0));
#3506=VECTOR('',#4137,1.0);
#3507=CARTESIAN_POINT('',(-116.55,15.0,1000.0));
#3508=CARTESIAN_POINT('',(-116.55,15.0,1000.0));
#3509=VECTOR('',#4138,1.0);
#3510=CARTESIAN_POINT('',(-116.55,15.0,0.0));
#3511=CARTESIAN_POINT('',(-116.55,15.0,0.0));
#3512=VECTOR('',#4139,1.0);
#3513=CARTESIAN_POINT('',(-116.55,15.0,0.0));
#3514=VECTOR('',#4140,1.0);
#3515=CARTESIAN_POINT('',(-119.75,15.0,1000.0));
#3516=CARTESIAN_POINT('',(-119.75,15.0,1000.0));
#3517=VECTOR('',#4141,1.0);
#3518=CARTESIAN_POINT('',(-119.75,15.0,0.0));
#3519=CARTESIAN_POINT('',(-119.75,15.0,0.0));
#3520=VECTOR('',#4142,1.0);
#3521=CARTESIAN_POINT('',(-119.75,15.0,0.0));
#3522=VECTOR('',#4143,1.0);
#3523=CARTESIAN_POINT('',(-119.75,8.0,1000.0));
#3524=CARTESIAN_POINT('',(-119.75,8.0,1000.0));
#3525=VECTOR('',#4144,1.0);
#3526=CARTESIAN_POINT('',(-119.75,8.0,0.0));
#3527=CARTESIAN_POINT('',(-119.75,8.0,0.0));
#3528=VECTOR('',#4145,1.0);
#3529=CARTESIAN_POINT('',(-119.75,8.0,0.0));
#3530=VECTOR('',#4146,1.0);
#3531=CARTESIAN_POINT('',(-105.25,8.0,1000.0));
#3532=CARTESIAN_POINT('',(-105.25,8.0,1000.0));
#3533=VECTOR('',#4147,1.0);
#3534=CARTESIAN_POINT('',(-105.25,8.0,0.0));
#3535=CARTESIAN_POINT('',(-105.25,8.0,0.0));
#3536=VECTOR('',#4148,1.0);
#3537=CARTESIAN_POINT('',(-105.25,8.0,0.0));
#3538=VECTOR('',#4149,1.0);
#3539=CARTESIAN_POINT('',(-105.25,15.0,1000.0));
#3540=CARTESIAN_POINT('',(-105.25,15.0,1000.0));
#3541=VECTOR('',#4150,1.0);
#3542=CARTESIAN_POINT('',(-105.25,15.0,0.0));
#3543=CARTESIAN_POINT('',(-105.25,15.0,0.0));
#3544=VECTOR('',#4151,1.0);
#3545=CARTESIAN_POINT('',(-105.25,15.0,0.0));
#3546=VECTOR('',#4152,1.0);
#3547=CARTESIAN_POINT('',(-108.45,15.0,1000.0));
#3548=CARTESIAN_POINT('',(-108.45,15.0,1000.0));
#3549=VECTOR('',#4153,1.0);
#3550=CARTESIAN_POINT('',(-108.45,15.0,0.0));
#3551=CARTESIAN_POINT('',(-108.45,15.0,0.0));
#3552=VECTOR('',#4154,1.0);
#3553=CARTESIAN_POINT('',(-108.45,15.0,0.0));
#3554=VECTOR('',#4155,1.0);
#3555=CARTESIAN_POINT('',(-108.45,19.0,1000.0));
#3556=CARTESIAN_POINT('',(-108.45,19.0,1000.0));
#3557=VECTOR('',#4156,1.0);
#3558=CARTESIAN_POINT('',(-108.45,19.0,0.0));
#3559=CARTESIAN_POINT('',(-108.45,19.0,0.0));
#3560=VECTOR('',#4157,1.0);
#3561=CARTESIAN_POINT('',(-108.45,19.0,0.0));
#3562=VECTOR('',#4158,1.0);
#3563=CARTESIAN_POINT('',(-107.45,20.0,1000.0));
#3564=CARTESIAN_POINT('',(-107.45,20.0,1000.0));
#3565=VECTOR('',#4159,1.0);
#3566=CARTESIAN_POINT('',(-107.45,20.0,0.0));
#3567=CARTESIAN_POINT('',(-107.45,20.0,0.0));
#3568=VECTOR('',#4160,1.0);
#3569=CARTESIAN_POINT('',(-107.45,20.0,0.0));
#3570=VECTOR('',#4161,1.0);
#3571=CARTESIAN_POINT('',(-92.55,20.0,1000.0));
#3572=CARTESIAN_POINT('',(-107.45,20.0,1000.0));
#3573=VECTOR('',#4162,1.0);
#3574=CARTESIAN_POINT('',(-92.55,20.0,0.0));
#3575=CARTESIAN_POINT('',(-92.55,20.0,0.0));
#3576=VECTOR('',#4163,1.0);
#3577=CARTESIAN_POINT('',(-107.45,20.0,0.0));
#3578=VECTOR('',#4164,1.0);
#3579=CARTESIAN_POINT('',(-91.55,19.0,1000.0));
#3580=CARTESIAN_POINT('',(-91.55,19.0,1000.0));
#3581=VECTOR('',#4165,1.0);
#3582=CARTESIAN_POINT('',(-91.55,19.0,0.0));
#3583=CARTESIAN_POINT('',(-91.55,19.0,0.0));
#3584=VECTOR('',#4166,1.0);
#3585=CARTESIAN_POINT('',(-91.55,19.0,0.0));
#3586=VECTOR('',#4167,1.0);
#3587=CARTESIAN_POINT('',(-91.55,15.0,1000.0));
#3588=CARTESIAN_POINT('',(-91.55,15.0,1000.0));
#3589=VECTOR('',#4168,1.0);
#3590=CARTESIAN_POINT('',(-91.55,15.0,0.0));
#3591=CARTESIAN_POINT('',(-91.55,15.0,0.0));
#3592=VECTOR('',#4169,1.0);
#3593=CARTESIAN_POINT('',(-91.55,15.0,0.0));
#3594=VECTOR('',#4170,1.0);
#3595=CARTESIAN_POINT('',(-94.75,15.0,1000.0));
#3596=CARTESIAN_POINT('',(-94.75,15.0,1000.0));
#3597=VECTOR('',#4171,1.0);
#3598=CARTESIAN_POINT('',(-94.75,15.0,0.0));
#3599=CARTESIAN_POINT('',(-94.75,15.0,0.0));
#3600=VECTOR('',#4172,1.0);
#3601=CARTESIAN_POINT('',(-94.75,15.0,0.0));
#3602=VECTOR('',#4173,1.0);
#3603=CARTESIAN_POINT('',(-94.75,8.0,1000.0));
#3604=CARTESIAN_POINT('',(-94.75,8.0,1000.0));
#3605=VECTOR('',#4174,1.0);
#3606=CARTESIAN_POINT('',(-94.75,8.0,0.0));
#3607=CARTESIAN_POINT('',(-94.75,8.0,0.0));
#3608=VECTOR('',#4175,1.0);
#3609=CARTESIAN_POINT('',(-94.75,8.0,0.0));
#3610=VECTOR('',#4176,1.0);
#3611=CARTESIAN_POINT('',(-80.25,8.0,1000.0));
#3612=CARTESIAN_POINT('',(-80.25,8.0,1000.0));
#3613=VECTOR('',#4177,1.0);
#3614=CARTESIAN_POINT('',(-80.25,8.0,0.0));
#3615=CARTESIAN_POINT('',(-80.25,8.0,0.0));
#3616=VECTOR('',#4178,1.0);
#3617=CARTESIAN_POINT('',(-80.25,8.0,0.0));
#3618=VECTOR('',#4179,1.0);
#3619=CARTESIAN_POINT('',(-80.25,15.0,1000.0));
#3620=CARTESIAN_POINT('',(-80.25,15.0,1000.0));
#3621=VECTOR('',#4180,1.0);
#3622=CARTESIAN_POINT('',(-80.25,15.0,0.0));
#3623=CARTESIAN_POINT('',(-80.25,15.0,0.0));
#3624=VECTOR('',#4181,1.0);
#3625=CARTESIAN_POINT('',(-80.25,15.0,0.0));
#3626=VECTOR('',#4182,1.0);
#3627=CARTESIAN_POINT('',(-83.45,15.0,1000.0));
#3628=CARTESIAN_POINT('',(-83.45,15.0,1000.0));
#3629=VECTOR('',#4183,1.0);
#3630=CARTESIAN_POINT('',(-83.45,15.0,0.0));
#3631=CARTESIAN_POINT('',(-83.45,15.0,0.0));
#3632=VECTOR('',#4184,1.0);
#3633=CARTESIAN_POINT('',(-83.45,15.0,0.0));
#3634=VECTOR('',#4185,1.0);
#3635=CARTESIAN_POINT('',(-83.45,19.0,1000.0));
#3636=CARTESIAN_POINT('',(-83.45,19.0,1000.0));
#3637=VECTOR('',#4186,1.0);
#3638=CARTESIAN_POINT('',(-83.45,19.0,0.0));
#3639=CARTESIAN_POINT('',(-83.45,19.0,0.0));
#3640=VECTOR('',#4187,1.0);
#3641=CARTESIAN_POINT('',(-83.45,19.0,0.0));
#3642=VECTOR('',#4188,1.0);
#3643=CARTESIAN_POINT('',(-82.45,20.0,1000.0));
#3644=CARTESIAN_POINT('',(-82.45,20.0,1000.0));
#3645=VECTOR('',#4189,1.0);
#3646=CARTESIAN_POINT('',(-82.45,20.0,0.0));
#3647=CARTESIAN_POINT('',(-82.45,20.0,0.0));
#3648=VECTOR('',#4190,1.0);
#3649=CARTESIAN_POINT('',(-82.45,20.0,0.0));
#3650=VECTOR('',#4191,1.0);
#3651=CARTESIAN_POINT('',(-67.55,20.0,1000.0));
#3652=CARTESIAN_POINT('',(-82.45,20.0,1000.0));
#3653=VECTOR('',#4192,1.0);
#3654=CARTESIAN_POINT('',(-67.55,20.0,0.0));
#3655=CARTESIAN_POINT('',(-67.55,20.0,0.0));
#3656=VECTOR('',#4193,1.0);
#3657=CARTESIAN_POINT('',(-82.45,20.0,0.0));
#3658=VECTOR('',#4194,1.0);
#3659=CARTESIAN_POINT('',(-66.55,19.0,1000.0));
#3660=CARTESIAN_POINT('',(-66.55,19.0,1000.0));
#3661=VECTOR('',#4195,1.0);
#3662=CARTESIAN_POINT('',(-66.55,19.0,0.0));
#3663=CARTESIAN_POINT('',(-66.55,19.0,0.0));
#3664=VECTOR('',#4196,1.0);
#3665=CARTESIAN_POINT('',(-66.55,19.0,0.0));
#3666=VECTOR('',#4197,1.0);
#3667=CARTESIAN_POINT('',(-66.55,15.0,1000.0));
#3668=CARTESIAN_POINT('',(-66.55,15.0,1000.0));
#3669=VECTOR('',#4198,1.0);
#3670=CARTESIAN_POINT('',(-66.55,15.0,0.0));
#3671=CARTESIAN_POINT('',(-66.55,15.0,0.0));
#3672=VECTOR('',#4199,1.0);
#3673=CARTESIAN_POINT('',(-66.55,15.0,0.0));
#3674=VECTOR('',#4200,1.0);
#3675=CARTESIAN_POINT('',(-69.75,15.0,1000.0));
#3676=CARTESIAN_POINT('',(-69.75,15.0,1000.0));
#3677=VECTOR('',#4201,1.0);
#3678=CARTESIAN_POINT('',(-69.75,15.0,0.0));
#3679=CARTESIAN_POINT('',(-69.75,15.0,0.0));
#3680=VECTOR('',#4202,1.0);
#3681=CARTESIAN_POINT('',(-69.75,15.0,0.0));
#3682=VECTOR('',#4203,1.0);
#3683=CARTESIAN_POINT('',(-69.75,8.0,1000.0));
#3684=CARTESIAN_POINT('',(-69.75,8.0,1000.0));
#3685=VECTOR('',#4204,1.0);
#3686=CARTESIAN_POINT('',(-69.75,8.0,0.0));
#3687=CARTESIAN_POINT('',(-69.75,8.0,0.0));
#3688=VECTOR('',#4205,1.0);
#3689=CARTESIAN_POINT('',(-69.75,8.0,0.0));
#3690=VECTOR('',#4206,1.0);
#3691=CARTESIAN_POINT('',(-55.25,8.0,1000.0));
#3692=CARTESIAN_POINT('',(-55.25,8.0,1000.0));
#3693=VECTOR('',#4207,1.0);
#3694=CARTESIAN_POINT('',(-55.25,8.0,0.0));
#3695=CARTESIAN_POINT('',(-55.25,8.0,0.0));
#3696=VECTOR('',#4208,1.0);
#3697=CARTESIAN_POINT('',(-55.25,8.0,0.0));
#3698=VECTOR('',#4209,1.0);
#3699=CARTESIAN_POINT('',(-55.25,15.0,1000.0));
#3700=CARTESIAN_POINT('',(-55.25,15.0,1000.0));
#3701=VECTOR('',#4210,1.0);
#3702=CARTESIAN_POINT('',(-55.25,15.0,0.0));
#3703=CARTESIAN_POINT('',(-55.25,15.0,0.0));
#3704=VECTOR('',#4211,1.0);
#3705=CARTESIAN_POINT('',(-55.25,15.0,0.0));
#3706=VECTOR('',#4212,1.0);
#3707=CARTESIAN_POINT('',(-58.45,15.0,1000.0));
#3708=CARTESIAN_POINT('',(-58.45,15.0,1000.0));
#3709=VECTOR('',#4213,1.0);
#3710=CARTESIAN_POINT('',(-58.45,15.0,0.0));
#3711=CARTESIAN_POINT('',(-58.45,15.0,0.0));
#3712=VECTOR('',#4214,1.0);
#3713=CARTESIAN_POINT('',(-58.45,15.0,0.0));
#3714=VECTOR('',#4215,1.0);
#3715=CARTESIAN_POINT('',(-58.45,19.0,1000.0));
#3716=CARTESIAN_POINT('',(-58.45,19.0,1000.0));
#3717=VECTOR('',#4216,1.0);
#3718=CARTESIAN_POINT('',(-58.45,19.0,0.0));
#3719=CARTESIAN_POINT('',(-58.45,19.0,0.0));
#3720=VECTOR('',#4217,1.0);
#3721=CARTESIAN_POINT('',(-58.45,19.0,0.0));
#3722=VECTOR('',#4218,1.0);
#3723=CARTESIAN_POINT('',(-57.45,20.0,1000.0));
#3724=CARTESIAN_POINT('',(-57.45,20.0,1000.0));
#3725=VECTOR('',#4219,1.0);
#3726=CARTESIAN_POINT('',(-57.45,20.0,0.0));
#3727=CARTESIAN_POINT('',(-57.45,20.0,0.0));
#3728=VECTOR('',#4220,1.0);
#3729=CARTESIAN_POINT('',(-57.45,20.0,0.0));
#3730=VECTOR('',#4221,1.0);
#3731=CARTESIAN_POINT('',(-42.55,20.0,1000.0));
#3732=CARTESIAN_POINT('',(-57.45,20.0,1000.0));
#3733=VECTOR('',#4222,1.0);
#3734=CARTESIAN_POINT('',(-42.55,20.0,0.0));
#3735=CARTESIAN_POINT('',(-42.55,20.0,0.0));
#3736=VECTOR('',#4223,1.0);
#3737=CARTESIAN_POINT('',(-57.45,20.0,0.0));
#3738=VECTOR('',#4224,1.0);
#3739=CARTESIAN_POINT('',(-41.55,19.0,1000.0));
#3740=CARTESIAN_POINT('',(-41.55,19.0,1000.0));
#3741=VECTOR('',#4225,1.0);
#3742=CARTESIAN_POINT('',(-41.55,19.0,0.0));
#3743=CARTESIAN_POINT('',(-41.55,19.0,0.0));
#3744=VECTOR('',#4226,1.0);
#3745=CARTESIAN_POINT('',(-41.55,19.0,0.0));
#3746=VECTOR('',#4227,1.0);
#3747=CARTESIAN_POINT('',(-41.55,15.0,1000.0));
#3748=CARTESIAN_POINT('',(-41.55,15.0,1000.0));
#3749=VECTOR('',#4228,1.0);
#3750=CARTESIAN_POINT('',(-41.55,15.0,0.0));
#3751=CARTESIAN_POINT('',(-41.55,15.0,0.0));
#3752=VECTOR('',#4229,1.0);
#3753=CARTESIAN_POINT('',(-41.55,15.0,0.0));
#3754=VECTOR('',#4230,1.0);
#3755=CARTESIAN_POINT('',(-44.75,15.0,1000.0));
#3756=CARTESIAN_POINT('',(-44.75,15.0,1000.0));
#3757=VECTOR('',#4231,1.0);
#3758=CARTESIAN_POINT('',(-44.75,15.0,0.0));
#3759=CARTESIAN_POINT('',(-44.75,15.0,0.0));
#3760=VECTOR('',#4232,1.0);
#3761=CARTESIAN_POINT('',(-44.75,15.0,0.0));
#3762=VECTOR('',#4233,1.0);
#3763=CARTESIAN_POINT('',(-44.75,8.0,1000.0));
#3764=CARTESIAN_POINT('',(-44.75,8.0,1000.0));
#3765=VECTOR('',#4234,1.0);
#3766=CARTESIAN_POINT('',(-44.75,8.0,0.0));
#3767=CARTESIAN_POINT('',(-44.75,8.0,0.0));
#3768=VECTOR('',#4235,1.0);
#3769=CARTESIAN_POINT('',(-44.75,8.0,0.0));
#3770=VECTOR('',#4236,1.0);
#3771=CARTESIAN_POINT('',(-30.25,8.0,1000.0));
#3772=CARTESIAN_POINT('',(-30.25,8.0,1000.0));
#3773=VECTOR('',#4237,1.0);
#3774=CARTESIAN_POINT('',(-30.25,8.0,0.0));
#3775=CARTESIAN_POINT('',(-30.25,8.0,0.0));
#3776=VECTOR('',#4238,1.0);
#3777=CARTESIAN_POINT('',(-30.25,8.0,0.0));
#3778=VECTOR('',#4239,1.0);
#3779=CARTESIAN_POINT('',(-30.25,15.0,1000.0));
#3780=CARTESIAN_POINT('',(-30.25,15.0,1000.0));
#3781=VECTOR('',#4240,1.0);
#3782=CARTESIAN_POINT('',(-30.25,15.0,0.0));
#3783=CARTESIAN_POINT('',(-30.25,15.0,0.0));
#3784=VECTOR('',#4241,1.0);
#3785=CARTESIAN_POINT('',(-30.25,15.0,0.0));
#3786=VECTOR('',#4242,1.0);
#3787=CARTESIAN_POINT('',(-33.45,15.0,1000.0));
#3788=CARTESIAN_POINT('',(-33.45,15.0,1000.0));
#3789=VECTOR('',#4243,1.0);
#3790=CARTESIAN_POINT('',(-33.45,15.0,0.0));
#3791=CARTESIAN_POINT('',(-33.45,15.0,0.0));
#3792=VECTOR('',#4244,1.0);
#3793=CARTESIAN_POINT('',(-33.45,15.0,0.0));
#3794=VECTOR('',#4245,1.0);
#3795=CARTESIAN_POINT('',(-33.45,19.0,1000.0));
#3796=CARTESIAN_POINT('',(-33.45,19.0,1000.0));
#3797=VECTOR('',#4246,1.0);
#3798=CARTESIAN_POINT('',(-33.45,19.0,0.0));
#3799=CARTESIAN_POINT('',(-33.45,19.0,0.0));
#3800=VECTOR('',#4247,1.0);
#3801=CARTESIAN_POINT('',(-33.45,19.0,0.0));
#3802=VECTOR('',#4248,1.0);
#3803=CARTESIAN_POINT('',(-32.45,20.0,1000.0));
#3804=CARTESIAN_POINT('',(-32.45,20.0,1000.0));
#3805=VECTOR('',#4249,1.0);
#3806=CARTESIAN_POINT('',(-32.45,20.0,0.0));
#3807=CARTESIAN_POINT('',(-32.45,20.0,0.0));
#3808=VECTOR('',#4250,1.0);
#3809=CARTESIAN_POINT('',(-32.45,20.0,0.0));
#3810=VECTOR('',#4251,1.0);
#3811=CARTESIAN_POINT('',(-17.55,20.0,1000.0));
#3812=CARTESIAN_POINT('',(-32.45,20.0,1000.0));
#3813=VECTOR('',#4252,1.0);
#3814=CARTESIAN_POINT('',(-17.55,20.0,0.0));
#3815=CARTESIAN_POINT('',(-17.55,20.0,0.0));
#3816=VECTOR('',#4253,1.0);
#3817=CARTESIAN_POINT('',(-32.45,20.0,0.0));
#3818=VECTOR('',#4254,1.0);
#3819=CARTESIAN_POINT('',(-16.55,19.0,1000.0));
#3820=CARTESIAN_POINT('',(-16.55,19.0,1000.0));
#3821=VECTOR('',#4255,1.0);
#3822=CARTESIAN_POINT('',(-16.55,19.0,0.0));
#3823=CARTESIAN_POINT('',(-16.55,19.0,0.0));
#3824=VECTOR('',#4256,1.0);
#3825=CARTESIAN_POINT('',(-16.55,19.0,0.0));
#3826=VECTOR('',#4257,1.0);
#3827=CARTESIAN_POINT('',(-16.55,15.0,1000.0));
#3828=CARTESIAN_POINT('',(-16.55,15.0,1000.0));
#3829=VECTOR('',#4258,1.0);
#3830=CARTESIAN_POINT('',(-16.55,15.0,0.0));
#3831=CARTESIAN_POINT('',(-16.55,15.0,0.0));
#3832=VECTOR('',#4259,1.0);
#3833=CARTESIAN_POINT('',(-16.55,15.0,0.0));
#3834=VECTOR('',#4260,1.0);
#3835=CARTESIAN_POINT('',(-19.75,15.0,1000.0));
#3836=CARTESIAN_POINT('',(-19.75,15.0,1000.0));
#3837=VECTOR('',#4261,1.0);
#3838=CARTESIAN_POINT('',(-19.75,15.0,0.0));
#3839=CARTESIAN_POINT('',(-19.75,15.0,0.0));
#3840=VECTOR('',#4262,1.0);
#3841=CARTESIAN_POINT('',(-19.75,15.0,0.0));
#3842=VECTOR('',#4263,1.0);
#3843=CARTESIAN_POINT('',(-19.75,8.0,1000.0));
#3844=CARTESIAN_POINT('',(-19.75,8.0,1000.0));
#3845=VECTOR('',#4264,1.0);
#3846=CARTESIAN_POINT('',(-19.75,8.0,0.0));
#3847=CARTESIAN_POINT('',(-19.75,8.0,0.0));
#3848=VECTOR('',#4265,1.0);
#3849=CARTESIAN_POINT('',(-19.75,8.0,0.0));
#3850=VECTOR('',#4266,1.0);
#3851=CARTESIAN_POINT('',(-5.25,8.0,1000.0));
#3852=CARTESIAN_POINT('',(-5.25,8.0,1000.0));
#3853=VECTOR('',#4267,1.0);
#3854=CARTESIAN_POINT('',(-5.25,8.0,0.0));
#3855=CARTESIAN_POINT('',(-5.25,8.0,0.0));
#3856=VECTOR('',#4268,1.0);
#3857=CARTESIAN_POINT('',(-5.25,8.0,0.0));
#3858=VECTOR('',#4269,1.0);
#3859=CARTESIAN_POINT('',(-5.25,15.0,1000.0));
#3860=CARTESIAN_POINT('',(-5.25,15.0,1000.0));
#3861=VECTOR('',#4270,1.0);
#3862=CARTESIAN_POINT('',(-5.25,15.0,0.0));
#3863=CARTESIAN_POINT('',(-5.25,15.0,0.0));
#3864=VECTOR('',#4271,1.0);
#3865=CARTESIAN_POINT('',(-5.25,15.0,0.0));
#3866=VECTOR('',#4272,1.0);
#3867=CARTESIAN_POINT('',(-8.44999999999999,15.0,1000.0));
#3868=CARTESIAN_POINT('',(-8.44999999999999,15.0,1000.0));
#3869=VECTOR('',#4273,1.0);
#3870=CARTESIAN_POINT('',(-8.44999999999999,15.0,0.0));
#3871=CARTESIAN_POINT('',(-8.44999999999999,15.0,0.0));
#3872=VECTOR('',#4274,1.0);
#3873=CARTESIAN_POINT('',(-8.44999999999999,15.0,0.0));
#3874=VECTOR('',#4275,1.0);
#3875=CARTESIAN_POINT('',(-8.44999999999999,19.0,1000.0));
#3876=CARTESIAN_POINT('',(-8.44999999999999,19.0,1000.0));
#3877=VECTOR('',#4276,1.0);
#3878=CARTESIAN_POINT('',(-8.44999999999999,19.0,0.0));
#3879=CARTESIAN_POINT('',(-8.44999999999999,19.0,0.0));
#3880=VECTOR('',#4277,1.0);
#3881=CARTESIAN_POINT('',(-8.44999999999999,19.0,0.0));
#3882=VECTOR('',#4278,1.0);
#3883=CARTESIAN_POINT('',(-7.44999999999999,20.0,1000.0));
#3884=CARTESIAN_POINT('',(-7.44999999999999,20.0,1000.0));
#3885=VECTOR('',#4279,1.0);
#3886=CARTESIAN_POINT('',(-7.44999999999999,20.0,0.0));
#3887=CARTESIAN_POINT('',(-7.44999999999999,20.0,0.0));
#3888=VECTOR('',#4280,1.0);
#3889=CARTESIAN_POINT('',(-7.44999999999999,20.0,0.0));
#3890=VECTOR('',#4281,1.0);
#3891=CARTESIAN_POINT('',(7.45000000000002,20.0,1000.0));
#3892=CARTESIAN_POINT('',(7.45000000000002,20.0,1000.0));
#3893=VECTOR('',#4282,1.0);
#3894=CARTESIAN_POINT('',(7.45000000000002,20.0,0.0));
#3895=CARTESIAN_POINT('',(7.45000000000002,20.0,0.0));
#3896=VECTOR('',#4283,1.0);
#3897=CARTESIAN_POINT('',(7.45000000000002,20.0,0.0));
#3898=VECTOR('',#4284,1.0);
#3899=CARTESIAN_POINT('',(7.45000000000002,20.0,1000.0));
#3900=VECTOR('',#4285,1.0);
#3901=CARTESIAN_POINT('',(7.45000000000002,20.0,0.0));
#3902=VECTOR('',#4286,1.0);
#3903=DIRECTION('',(0.0,-1.0,0.0));
#3904=DIRECTION('',(0.0,0.0,1.0));
#3905=DIRECTION('',(0.0,-1.0,0.0));
#3906=DIRECTION('',(0.0,0.0,1.0));
#3907=DIRECTION('',(-1.0,0.0,0.0));
#3908=DIRECTION('',(0.0,0.0,1.0));
#3909=DIRECTION('',(-1.0,0.0,0.0));
#3910=DIRECTION('',(0.0,-1.0,0.0));
#3911=DIRECTION('',(0.0,0.0,1.0));
#3912=DIRECTION('',(0.0,-1.0,0.0));
#3913=DIRECTION('',(1.0,0.0,0.0));
#3914=DIRECTION('',(0.0,0.0,1.0));
#3915=DIRECTION('',(1.0,0.0,0.0));
#3916=DIRECTION('',(0.0,1.0,0.0));
#3917=DIRECTION('',(0.0,0.0,1.0));
#3918=DIRECTION('',(0.0,1.0,0.0));
#3919=DIRECTION('',(-1.0,0.0,0.0));
#3920=DIRECTION('',(0.0,0.0,1.0));
#3921=DIRECTION('',(-1.0,0.0,0.0));
#3922=DIRECTION('',(0.0,1.0,0.0));
#3923=DIRECTION('',(0.0,0.0,1.0));
#3924=DIRECTION('',(0.0,1.0,0.0));
#3925=DIRECTION('',(0.707106781186547,0.707106781186547,0.0));
#3926=DIRECTION('',(0.0,0.0,1.0));
#3927=DIRECTION('',(0.707106781186548,0.707106781186548,0.0));
#3928=DIRECTION('',(1.0,0.0,0.0));
#3929=DIRECTION('',(0.0,0.0,1.0));
#3930=DIRECTION('',(-1.0,0.0,0.0));
#3931=DIRECTION('',(0.707106781186547,-0.707106781186547,0.0));
#3932=DIRECTION('',(0.0,0.0,1.0));
#3933=DIRECTION('',(0.707106781186548,-0.707106781186548,0.0));
#3934=DIRECTION('',(0.0,-1.0,0.0));
#3935=DIRECTION('',(0.0,0.0,1.0));
#3936=DIRECTION('',(0.0,-1.0,0.0));
#3937=DIRECTION('',(-1.0,0.0,0.0));
#3938=DIRECTION('',(0.0,0.0,1.0));
#3939=DIRECTION('',(-1.0,0.0,0.0));
#3940=DIRECTION('',(0.0,-1.0,0.0));
#3941=DIRECTION('',(0.0,0.0,1.0));
#3942=DIRECTION('',(0.0,-1.0,0.0));
#3943=DIRECTION('',(1.0,0.0,0.0));
#3944=DIRECTION('',(0.0,0.0,1.0));
#3945=DIRECTION('',(1.0,0.0,0.0));
#3946=DIRECTION('',(0.0,1.0,0.0));
#3947=DIRECTION('',(0.0,0.0,1.0));
#3948=DIRECTION('',(0.0,1.0,0.0));
#3949=DIRECTION('',(-1.0,0.0,0.0));
#3950=DIRECTION('',(0.0,0.0,1.0));
#3951=DIRECTION('',(-1.0,0.0,0.0));
#3952=DIRECTION('',(0.0,1.0,0.0));
#3953=DIRECTION('',(0.0,0.0,1.0));
#3954=DIRECTION('',(0.0,1.0,0.0));
#3955=DIRECTION('',(0.707106781186547,0.707106781186547,0.0));
#3956=DIRECTION('',(0.0,0.0,1.0));
#3957=DIRECTION('',(0.707106781186548,0.707106781186548,0.0));
#3958=DIRECTION('',(1.0,0.0,0.0));
#3959=DIRECTION('',(0.0,0.0,1.0));
#3960=DIRECTION('',(-1.0,0.0,0.0));
#3961=DIRECTION('',(0.707106781186547,-0.707106781186547,0.0));
#3962=DIRECTION('',(0.0,0.0,1.0));
#3963=DIRECTION('',(0.707106781186548,-0.707106781186548,0.0));
#3964=DIRECTION('',(0.0,-1.0,0.0));
#3965=DIRECTION('',(0.0,0.0,1.0));
#3966=DIRECTION('',(0.0,-1.0,0.0));
#3967=DIRECTION('',(-1.0,0.0,0.0));
#3968=DIRECTION('',(0.0,0.0,1.0));
#3969=DIRECTION('',(-1.0,0.0,0.0));
#3970=DIRECTION('',(0.0,-1.0,0.0));
#3971=DIRECTION('',(0.0,0.0,1.0));
#3972=DIRECTION('',(0.0,-1.0,0.0));
#3973=DIRECTION('',(1.0,0.0,0.0));
#3974=DIRECTION('',(0.0,0.0,1.0));
#3975=DIRECTION('',(1.0,0.0,0.0));
#3976=DIRECTION('',(0.0,1.0,0.0));
#3977=DIRECTION('',(0.0,0.0,1.0));
#3978=DIRECTION('',(0.0,1.0,0.0));
#3979=DIRECTION('',(-1.0,0.0,0.0));
#3980=DIRECTION('',(0.0,0.0,1.0));
#3981=DIRECTION('',(-1.0,0.0,0.0));
#3982=DIRECTION('',(0.0,1.0,0.0));
#3983=DIRECTION('',(0.0,0.0,1.0));
#3984=DIRECTION('',(0.0,1.0,0.0));
#3985=DIRECTION('',(0.707106781186547,0.707106781186547,0.0));
#3986=DIRECTION('',(0.0,0.0,1.0));
#3987=DIRECTION('',(0.707106781186548,0.707106781186548,0.0));
#3988=DIRECTION('',(1.0,0.0,0.0));
#3989=DIRECTION('',(0.0,0.0,1.0));
#3990=DIRECTION('',(-1.0,0.0,0.0));
#3991=DIRECTION('',(0.707106781186547,-0.707106781186547,0.0));
#3992=DIRECTION('',(0.0,0.0,1.0));
#3993=DIRECTION('',(0.707106781186548,-0.707106781186548,0.0));
#3994=DIRECTION('',(0.0,-1.0,0.0));
#3995=DIRECTION('',(0.0,0.0,1.0));
#3996=DIRECTION('',(0.0,-1.0,0.0));
#3997=DIRECTION('',(-1.0,0.0,0.0));
#3998=DIRECTION('',(0.0,0.0,1.0));
#3999=DIRECTION('',(-1.0,0.0,0.0));
#4000=DIRECTION('',(0.0,-1.0,0.0));
#4001=DIRECTION('',(0.0,0.0,1.0));
#4002=DIRECTION('',(0.0,-1.0,0.0));
#4003=DIRECTION('',(1.0,0.0,0.0));
#4004=DIRECTION('',(0.0,0.0,1.0));
#4005=DIRECTION('',(1.0,0.0,0.0));
#4006=DIRECTION('',(0.0,1.0,0.0));
#4007=DIRECTION('',(0.0,0.0,1.0));
#4008=DIRECTION('',(0.0,1.0,0.0));
#4009=DIRECTION('',(-1.0,0.0,0.0));
#4010=DIRECTION('',(0.0,0.0,1.0));
#4011=DIRECTION('',(-1.0,0.0,0.0));
#4012=DIRECTION('',(0.0,1.0,0.0));
#4013=DIRECTION('',(0.0,0.0,1.0));
#4014=DIRECTION('',(0.0,1.0,0.0));
#4015=DIRECTION('',(0.707106781186547,0.707106781186547,0.0));
#4016=DIRECTION('',(0.0,0.0,1.0));
#4017=DIRECTION('',(0.707106781186548,0.707106781186548,0.0));
#4018=DIRECTION('',(1.0,0.0,0.0));
#4019=DIRECTION('',(0.0,0.0,1.0));
#4020=DIRECTION('',(-1.0,0.0,0.0));
#4021=DIRECTION('',(0.707106781186547,-0.707106781186547,0.0));
#4022=DIRECTION('',(0.0,0.0,1.0));
#4023=DIRECTION('',(0.707106781186548,-0.707106781186548,0.0));
#4024=DIRECTION('',(0.0,-1.0,0.0));
#4025=DIRECTION('',(0.0,0.0,1.0));
#4026=DIRECTION('',(0.0,-1.0,0.0));
#4027=DIRECTION('',(-1.0,0.0,0.0));
#4028=DIRECTION('',(0.0,0.0,1.0));
#4029=DIRECTION('',(-1.0,0.0,0.0));
#4030=DIRECTION('',(0.0,-1.0,0.0));
#4031=DIRECTION('',(0.0,0.0,1.0));
#4032=DIRECTION('',(0.0,-1.0,0.0));
#4033=DIRECTION('',(1.0,0.0,0.0));
#4034=DIRECTION('',(0.0,0.0,1.0));
#4035=DIRECTION('',(1.0,0.0,0.0));
#4036=DIRECTION('',(0.0,1.0,0.0));
#4037=DIRECTION('',(0.0,0.0,1.0));
#4038=DIRECTION('',(0.0,1.0,0.0));
#4039=DIRECTION('',(-1.0,0.0,0.0));
#4040=DIRECTION('',(0.0,0.0,1.0));
#4041=DIRECTION('',(-1.0,0.0,0.0));
#4042=DIRECTION('',(0.0,1.0,0.0));
#4043=DIRECTION('',(0.0,0.0,1.0));
#4044=DIRECTION('',(0.0,1.0,0.0));
#4045=DIRECTION('',(0.707106781186547,0.707106781186547,0.0));
#4046=DIRECTION('',(0.0,0.0,1.0));
#4047=DIRECTION('',(0.707106781186548,0.707106781186548,0.0));
#4048=DIRECTION('',(1.0,0.0,0.0));
#4049=DIRECTION('',(0.0,0.0,1.0));
#4050=DIRECTION('',(-1.0,0.0,0.0));
#4051=DIRECTION('',(0.707106781186547,-0.707106781186547,0.0));
#4052=DIRECTION('',(0.0,0.0,1.0));
#4053=DIRECTION('',(-0.707106781186548,0.707106781186548,0.0));
#4054=DIRECTION('',(-0.0,-1.0,-0.0));
#4055=DIRECTION('',(0.0,0.0,1.0));
#4056=DIRECTION('',(0.0,1.0,0.0));
#4057=DIRECTION('',(-0.707106781186547,-0.707106781186547,-0.0));
#4058=DIRECTION('',(0.0,0.0,1.0));
#4059=DIRECTION('',(0.707106781186548,0.707106781186548,0.0));
#4060=DIRECTION('',(-1.0,-0.0,-0.0));
#4061=DIRECTION('',(0.0,0.0,1.0));
#4062=DIRECTION('',(1.0,0.0,0.0));
#4063=DIRECTION('',(-0.707106781186548,0.707106781186548,0.0));
#4064=DIRECTION('',(0.0,0.0,1.0));
#4065=DIRECTION('',(0.707106781186548,-0.707106781186548,0.0));
#4066=DIRECTION('',(-1.0,0.0,0.0));
#4067=DIRECTION('',(0.0,0.0,1.0));
#4068=DIRECTION('',(-1.0,0.0,0.0));
#4069=DIRECTION('',(-0.707106781186548,-0.707106781186548,0.0));
#4070=DIRECTION('',(0.0,0.0,1.0));
#4071=DIRECTION('',(-0.707106781186548,-0.707106781186548,0.0));
#4072=DIRECTION('',(-1.0,-0.0,-0.0));
#4073=DIRECTION('',(0.0,0.0,1.0));
#4074=DIRECTION('',(1.0,0.0,0.0));
#4075=DIRECTION('',(-0.707106781186548,0.707106781186548,0.0));
#4076=DIRECTION('',(0.0,0.0,1.0));
#4077=DIRECTION('',(0.707106781186548,-0.707106781186548,0.0));
#4078=DIRECTION('',(-1.0,0.0,0.0));
#4079=DIRECTION('',(0.0,0.0,1.0));
#4080=DIRECTION('',(-1.0,0.0,0.0));
#4081=DIRECTION('',(-0.707106781186548,-0.707106781186548,0.0));
#4082=DIRECTION('',(0.0,0.0,1.0));
#4083=DIRECTION('',(-0.707106781186548,-0.707106781186548,0.0));
#4084=DIRECTION('',(-1.0,-0.0,-0.0));
#4085=DIRECTION('',(0.0,0.0,1.0));
#4086=DIRECTION('',(1.0,0.0,0.0));
#4087=DIRECTION('',(-0.707106781186548,0.707106781186548,0.0));
#4088=DIRECTION('',(0.0,0.0,1.0));
#4089=DIRECTION('',(0.707106781186548,-0.707106781186548,0.0));
#4090=DIRECTION('',(-1.0,0.0,0.0));
#4091=DIRECTION('',(0.0,0.0,1.0));
#4092=DIRECTION('',(-1.0,0.0,0.0));
#4093=DIRECTION('',(-0.707106781186548,-0.707106781186548,0.0));
#4094=DIRECTION('',(0.0,0.0,1.0));
#4095=DIRECTION('',(-0.707106781186548,-0.707106781186548,0.0));
#4096=DIRECTION('',(-1.0,0.0,0.0));
#4097=DIRECTION('',(0.0,0.0,1.0));
#4098=DIRECTION('',(-1.0,0.0,0.0));
#4099=DIRECTION('',(-0.707106781186548,0.707106781186548,0.0));
#4100=DIRECTION('',(0.0,0.0,1.0));
#4101=DIRECTION('',(0.707106781186548,-0.707106781186548,0.0));
#4102=DIRECTION('',(-1.0,-0.0,-0.0));
#4103=DIRECTION('',(0.0,0.0,1.0));
#4104=DIRECTION('',(1.0,0.0,0.0));
#4105=DIRECTION('',(-0.707106781186548,-0.707106781186548,0.0));
#4106=DIRECTION('',(0.0,0.0,1.0));
#4107=DIRECTION('',(-0.707106781186548,-0.707106781186548,0.0));
#4108=DIRECTION('',(-1.0,0.0,0.0));
#4109=DIRECTION('',(0.0,0.0,1.0));
#4110=DIRECTION('',(-1.0,0.0,0.0));
#4111=DIRECTION('',(-0.707106781186548,0.707106781186548,0.0));
#4112=DIRECTION('',(0.0,0.0,1.0));
#4113=DIRECTION('',(0.707106781186548,-0.707106781186548,0.0));
#4114=DIRECTION('',(-1.0,-0.0,-0.0));
#4115=DIRECTION('',(0.0,0.0,1.0));
#4116=DIRECTION('',(1.0,0.0,0.0));
#4117=DIRECTION('',(-0.707106781186548,-0.707106781186548,0.0));
#4118=DIRECTION('',(0.0,0.0,1.0));
#4119=DIRECTION('',(-0.707106781186548,-0.707106781186548,0.0));
#4120=DIRECTION('',(-1.0,0.0,0.0));
#4121=DIRECTION('',(0.0,0.0,1.0));
#4122=DIRECTION('',(-1.0,0.0,0.0));
#4123=DIRECTION('',(-0.707106781186547,0.707106781186547,0.0));
#4124=DIRECTION('',(0.0,0.0,1.0));
#4125=DIRECTION('',(-0.707106781186548,0.707106781186548,0.0));
#4126=DIRECTION('',(0.0,1.0,0.0));
#4127=DIRECTION('',(0.0,0.0,1.0));
#4128=DIRECTION('',(0.0,1.0,0.0));
#4129=DIRECTION('',(0.707106781186547,0.707106781186547,0.0));
#4130=DIRECTION('',(0.0,0.0,1.0));
#4131=DIRECTION('',(0.707106781186548,0.707106781186548,0.0));
#4132=DIRECTION('',(1.0,0.0,0.0));
#4133=DIRECTION('',(0.0,0.0,1.0));
#4134=DIRECTION('',(1.0,0.0,0.0));
#4135=DIRECTION('',(0.707106781186547,-0.707106781186547,0.0));
#4136=DIRECTION('',(0.0,0.0,1.0));
#4137=DIRECTION('',(-0.707106781186548,0.707106781186548,0.0));
#4138=DIRECTION('',(-0.0,-1.0,-0.0));
#4139=DIRECTION('',(0.0,0.0,1.0));
#4140=DIRECTION('',(0.0,1.0,0.0));
#4141=DIRECTION('',(-1.0,-0.0,-0.0));
#4142=DIRECTION('',(0.0,0.0,1.0));
#4143=DIRECTION('',(1.0,0.0,0.0));
#4144=DIRECTION('',(-0.0,-1.0,-0.0));
#4145=DIRECTION('',(0.0,0.0,1.0));
#4146=DIRECTION('',(0.0,1.0,0.0));
#4147=DIRECTION('',(1.0,0.0,0.0));
#4148=DIRECTION('',(0.0,0.0,1.0));
#4149=DIRECTION('',(-1.0,0.0,0.0));
#4150=DIRECTION('',(0.0,1.0,0.0));
#4151=DIRECTION('',(0.0,0.0,1.0));
#4152=DIRECTION('',(0.0,-1.0,0.0));
#4153=DIRECTION('',(-1.0,-0.0,-0.0));
#4154=DIRECTION('',(0.0,0.0,1.0));
#4155=DIRECTION('',(1.0,0.0,0.0));
#4156=DIRECTION('',(0.0,1.0,0.0));
#4157=DIRECTION('',(0.0,0.0,1.0));
#4158=DIRECTION('',(0.0,-1.0,0.0));
#4159=DIRECTION('',(0.707106781186547,0.707106781186547,0.0));
#4160=DIRECTION('',(0.0,0.0,1.0));
#4161=DIRECTION('',(-0.707106781186548,-0.707106781186548,0.0));
#4162=DIRECTION('',(1.0,0.0,0.0));
#4163=DIRECTION('',(0.0,0.0,1.0));
#4164=DIRECTION('',(1.0,0.0,0.0));
#4165=DIRECTION('',(0.707106781186547,-0.707106781186547,0.0));
#4166=DIRECTION('',(0.0,0.0,1.0));
#4167=DIRECTION('',(-0.707106781186548,0.707106781186548,0.0));
#4168=DIRECTION('',(-0.0,-1.0,-0.0));
#4169=DIRECTION('',(0.0,0.0,1.0));
#4170=DIRECTION('',(0.0,1.0,0.0));
#4171=DIRECTION('',(-1.0,-0.0,-0.0));
#4172=DIRECTION('',(0.0,0.0,1.0));
#4173=DIRECTION('',(1.0,0.0,0.0));
#4174=DIRECTION('',(-0.0,-1.0,-0.0));
#4175=DIRECTION('',(0.0,0.0,1.0));
#4176=DIRECTION('',(0.0,1.0,0.0));
#4177=DIRECTION('',(1.0,0.0,0.0));
#4178=DIRECTION('',(0.0,0.0,1.0));
#4179=DIRECTION('',(-1.0,0.0,0.0));
#4180=DIRECTION('',(0.0,1.0,0.0));
#4181=DIRECTION('',(0.0,0.0,1.0));
#4182=DIRECTION('',(0.0,-1.0,0.0));
#4183=DIRECTION('',(-1.0,-0.0,-0.0));
#4184=DIRECTION('',(0.0,0.0,1.0));
#4185=DIRECTION('',(1.0,0.0,0.0));
#4186=DIRECTION('',(0.0,1.0,0.0));
#4187=DIRECTION('',(0.0,0.0,1.0));
#4188=DIRECTION('',(0.0,-1.0,0.0));
#4189=DIRECTION('',(0.707106781186547,0.707106781186547,0.0));
#4190=DIRECTION('',(0.0,0.0,1.0));
#4191=DIRECTION('',(-0.707106781186548,-0.707106781186548,0.0));
#4192=DIRECTION('',(1.0,0.0,0.0));
#4193=DIRECTION('',(0.0,0.0,1.0));
#4194=DIRECTION('',(1.0,0.0,0.0));
#4195=DIRECTION('',(0.707106781186547,-0.707106781186547,0.0));
#4196=DIRECTION('',(0.0,0.0,1.0));
#4197=DIRECTION('',(-0.707106781186548,0.707106781186548,0.0));
#4198=DIRECTION('',(-0.0,-1.0,-0.0));
#4199=DIRECTION('',(0.0,0.0,1.0));
#4200=DIRECTION('',(0.0,1.0,0.0));
#4201=DIRECTION('',(-1.0,-0.0,-0.0));
#4202=DIRECTION('',(0.0,0.0,1.0));
#4203=DIRECTION('',(1.0,0.0,0.0));
#4204=DIRECTION('',(-0.0,-1.0,-0.0));
#4205=DIRECTION('',(0.0,0.0,1.0));
#4206=DIRECTION('',(0.0,1.0,0.0));
#4207=DIRECTION('',(1.0,0.0,0.0));
#4208=DIRECTION('',(0.0,0.0,1.0));
#4209=DIRECTION('',(-1.0,0.0,0.0));
#4210=DIRECTION('',(0.0,1.0,0.0));
#4211=DIRECTION('',(0.0,0.0,1.0));
#4212=DIRECTION('',(0.0,-1.0,0.0));
#4213=DIRECTION('',(-1.0,-0.0,-0.0));
#4214=DIRECTION('',(0.0,0.0,1.0));
#4215=DIRECTION('',(1.0,0.0,0.0));
#4216=DIRECTION('',(0.0,1.0,0.0));
#4217=DIRECTION('',(0.0,0.0,1.0));
#4218=DIRECTION('',(0.0,-1.0,0.0));
#4219=DIRECTION('',(0.707106781186547,0.707106781186547,0.0));
#4220=DIRECTION('',(0.0,0.0,1.0));
#4221=DIRECTION('',(-0.707106781186548,-0.707106781186548,0.0));
#4222=DIRECTION('',(1.0,0.0,0.0));
#4223=DIRECTION('',(0.0,0.0,1.0));
#4224=DIRECTION('',(1.0,0.0,0.0));
#4225=DIRECTION('',(0.707106781186547,-0.707106781186547,0.0));
#4226=DIRECTION('',(0.0,0.0,1.0));
#4227=DIRECTION('',(-0.707106781186548,0.707106781186548,0.0));
#4228=DIRECTION('',(-0.0,-1.0,-0.0));
#4229=DIRECTION('',(0.0,0.0,1.0));
#4230=DIRECTION('',(0.0,1.0,0.0));
#4231=DIRECTION('',(-1.0,-0.0,-0.0));
#4232=DIRECTION('',(0.0,0.0,1.0));
#4233=DIRECTION('',(1.0,0.0,0.0));
#4234=DIRECTION('',(-0.0,-1.0,-0.0));
#4235=DIRECTION('',(0.0,0.0,1.0));
#4236=DIRECTION('',(0.0,1.0,0.0));
#4237=DIRECTION('',(1.0,0.0,0.0));
#4238=DIRECTION('',(0.0,0.0,1.0));
#4239=DIRECTION('',(-1.0,0.0,0.0));
#4240=DIRECTION('',(0.0,1.0,0.0));
#4241=DIRECTION('',(0.0,0.0,1.0));
#4242=DIRECTION('',(0.0,-1.0,0.0));
#4243=DIRECTION('',(-1.0,-0.0,-0.0));
#4244=DIRECTION('',(0.0,0.0,1.0));
#4245=DIRECTION('',(1.0,0.0,0.0));
#4246=DIRECTION('',(0.0,1.0,0.0));
#4247=DIRECTION('',(0.0,0.0,1.0));
#4248=DIRECTION('',(0.0,-1.0,0.0));
#4249=DIRECTION('',(0.707106781186547,0.707106781186547,0.0));
#4250=DIRECTION('',(0.0,0.0,1.0));
#4251=DIRECTION('',(-0.707106781186548,-0.707106781186548,0.0));
#4252=DIRECTION('',(1.0,0.0,0.0));
#4253=DIRECTION('',(0.0,0.0,1.0));
#4254=DIRECTION('',(1.0,0.0,0.0));
#4255=DIRECTION('',(0.707106781186547,-0.707106781186547,0.0));
#4256=DIRECTION('',(0.0,0.0,1.0));
#4257=DIRECTION('',(-0.707106781186548,0.707106781186548,0.0));
#4258=DIRECTION('',(-0.0,-1.0,-0.0));
#4259=DIRECTION('',(0.0,0.0,1.0));
#4260=DIRECTION('',(0.0,1.0,0.0));
#4261=DIRECTION('',(-1.0,-0.0,-0.0));
#4262=DIRECTION('',(0.0,0.0,1.0));
#4263=DIRECTION('',(1.0,0.0,0.0));
#4264=DIRECTION('',(-0.0,-1.0,-0.0));
#4265=DIRECTION('',(0.0,0.0,1.0));
#4266=DIRECTION('',(0.0,1.0,0.0));
#4267=DIRECTION('',(1.0,0.0,0.0));
#4268=DIRECTION('',(0.0,0.0,1.0));
#4269=DIRECTION('',(-1.0,0.0,0.0));
#4270=DIRECTION('',(0.0,1.0,0.0));
#4271=DIRECTION('',(0.0,0.0,1.0));
#4272=DIRECTION('',(0.0,-1.0,0.0));
#4273=DIRECTION('',(-1.0,-0.0,-0.0));
#4274=DIRECTION('',(0.0,0.0,1.0));
#4275=DIRECTION('',(1.0,0.0,0.0));
#4276=DIRECTION('',(0.0,1.0,0.0));
#4277=DIRECTION('',(0.0,0.0,1.0));
#4278=DIRECTION('',(0.0,-1.0,0.0));
#4279=DIRECTION('',(0.707106781186547,0.707106781186547,0.0));
#4280=DIRECTION('',(0.0,0.0,1.0));
#4281=DIRECTION('',(-0.707106781186548,-0.707106781186548,0.0));
#4282=DIRECTION('',(1.0,0.0,0.0));
#4283=DIRECTION('',(0.0,0.0,1.0));
#4284=DIRECTION('',(-1.0,0.0,0.0));
#4285=DIRECTION('',(0.707106781186547,-0.707106781186547,0.0));
#4286=DIRECTION('',(0.707106781186548,-0.707106781186548,0.0));
ENDSEC;
END-ISO-10303-21;
